"Horario","Ciclo_Estacion_Retiro","Ciclo_Estacion_Arribo","Viajes","Tiempo_Promedio"
2,1,9,394,313.314720812183
2,1,18,1138,303.757469244288
2,1,28,411,597.206812652068
2,1,35,908,439.06718061674
2,1,86,376,340.460106382979
2,3,14,415,567.686746987952
2,7,7,373,1056.43163538874
2,18,1,612,307.727124183007
2,20,14,533,533.613508442777
2,20,15,500,462.502
2,20,16,474,384.677215189873
2,20,23,395,462.392405063291
2,28,239,487,503.663244353183
2,32,4,570,416.833333333333
2,32,9,474,370.888185654008
2,32,16,466,261.830472103004
2,34,1,805,461.659627329193
2,35,1,637,444.065934065934
2,35,17,405,285.725925925926
2,35,24,484,305.809917355372
2,35,25,366,247.691256830601
2,36,45,589,240.521222410866
2,41,3,473,361.173361522199
2,41,15,371,785.983827493261
2,41,17,385,634.867532467532
2,41,18,531,580.80790960452
2,41,19,997,523.08926780341
2,41,20,866,425.654734411085
2,43,18,376,774.582446808511
2,53,36,511,268.780821917808
2,60,36,487,278.078028747433
2,71,84,372,201.658602150538
2,84,54,366,347.502732240437
2,84,63,550,302.86
2,86,7,447,618.080536912752
2,86,14,651,582.620583717358
2,86,15,661,472.606656580938
2,86,16,572,417.781468531469
2,86,23,673,477.462109955424
2,103,149,402,987.02736318408
2,107,113,1795,277.373816155989
2,107,116,387,293.449612403101
2,111,18,458,471.115720524017
2,111,174,992,233.875
2,113,107,471,285.993630573248
2,116,107,454,278.092511013216
2,116,117,431,196.893271461717
2,119,113,959,196.923879040667
2,119,115,395,290.518987341772
2,126,136,432,269.375
2,135,136,374,324.128342245989
2,137,136,369,225.140921409214
2,141,126,469,272.667377398721
2,141,158,450,352.726666666667
2,145,148,402,235.101990049751
2,145,158,468,311.309829059829
2,146,36,606,590.300330033003
2,148,141,677,277.908419497784
2,150,36,737,597.689280868385
2,151,158,612,332.096405228758
2,158,141,538,393.563197026022
2,158,151,518,511.571428571429
2,165,163,1052,161.852661596958
2,166,182,406,434.92118226601
2,167,182,401,349.374064837905
2,167,286,647,330.853168469861
2,167,305,411,407.924574209246
2,168,182,673,208.54234769688
2,169,182,443,137.781038374718
2,171,185,467,445.436830835118
2,173,36,371,639.595687331536
2,173,170,415,340.898795180723
2,174,1,709,456.451339915374
2,174,6,548,471.226277372263
2,174,18,566,584.422261484099
2,174,111,460,252.971739130435
2,174,183,391,206.797953964194
2,179,63,437,353.20823798627
2,182,180,419,191.391408114558
2,183,18,462,455.744588744589
2,183,174,683,198.076134699854
2,184,185,399,198.280701754386
2,185,184,554,172.115523465704
2,187,185,382,166.05497382199
2,189,185,624,263.073717948718
2,192,227,379,611.089709762533
2,193,239,498,379.5140562249
2,194,226,413,353.922518159806
2,195,192,447,258.474272930649
2,197,219,481,406.528066528067
2,204,198,426,452.00234741784
2,204,202,782,257.826086956522
2,204,206,419,362.634844868735
2,204,209,375,564.048
2,204,242,951,473.099894847529
2,204,460,425,603.534117647059
2,208,197,507,760.34516765286
2,208,198,397,566.11838790932
2,208,206,824,481.703883495146
2,208,209,806,659.913151364764
2,208,215,684,432.625730994152
2,208,240,414,752.685990338164
2,208,242,1065,589.708920187793
2,208,452,439,446.567198177677
2,208,460,513,691.539961013645
2,210,197,413,589.648910411622
2,210,206,453,340.176600441501
2,210,209,842,441.287410926366
2,210,242,682,509.208211143695
2,211,197,380,829.618421052632
2,211,205,408,200.247549019608
2,211,207,393,288.371501272265
2,211,209,474,639.778481012658
2,211,217,1866,222.154340836013
2,211,226,634,446.029968454259
2,211,239,417,340.251798561151
2,211,248,461,431.110629067245
2,211,452,1088,408.927389705882
2,212,217,398,214.535175879397
2,219,197,368,318.557065217391
2,223,221,497,443.760563380282
2,228,227,536,330.888059701493
2,237,227,399,527.250626566416
2,237,235,451,370.037694013304
2,237,236,625,348.6128
2,242,235,853,434.771395076202
2,256,41,578,384.574394463668
2,257,449,369,696.192411924119
2,266,1,511,896.489236790607
2,266,6,385,800.844155844156
2,266,10,496,447.58064516129
2,266,14,579,933.433506044905
2,266,15,624,908.104166666667
2,266,16,683,898.326500732064
2,266,17,820,805.346341463415
2,266,18,803,737.719800747198
2,266,19,676,699.100591715976
2,266,23,551,979.141560798548
2,266,27,560,704.553571428571
2,266,28,530,1025.44905660377
2,266,270,421,298.030878859857
2,267,14,372,962.013440860215
2,267,15,419,930.36754176611
2,267,16,519,881.208092485549
2,267,17,631,800.091917591125
2,267,18,566,729.798586572438
2,267,19,371,677.045822102426
2,271,1,829,829.984318455971
2,271,3,585,522.591452991453
2,271,7,688,969.186046511628
2,271,10,1267,390.460142067877
2,271,13,403,977.980148883375
2,271,14,1314,977.363774733638
2,271,15,1222,904.703764320786
2,271,16,1177,863.308411214953
2,271,17,1557,796.386640976236
2,271,18,1224,743.983660130719
2,271,19,1236,687.7071197411
2,271,20,442,613.389140271493
2,271,23,745,947.648322147651
2,271,24,407,912.206388206388
2,271,26,1534,404.621903520209
2,271,27,756,693.619047619048
2,271,28,450,998.013333333333
2,271,32,366,1034.37978142077
2,271,41,464,403.163793103448
2,271,85,562,582.072953736655
2,271,111,392,723.719387755102
2,271,113,731,482.487004103967
2,271,117,398,683.942211055276
2,271,250,378,1179.28306878307
2,271,261,591,977.507614213198
2,271,270,948,280.037974683544
2,271,476,384,1373.984375
2,272,10,565,396.796460176991
2,272,14,795,980.091823899371
2,272,15,651,911.692780337942
2,272,16,736,845.551630434783
2,272,17,790,798.741772151899
2,272,18,595,741.643697478992
2,272,19,675,679.244444444444
2,272,27,380,695.144736842105
2,272,28,583,964.104631217839
2,272,270,468,264.26282051282
2,277,295,380,275.594736842105
2,286,167,369,239.308943089431
2,319,302,477,359.763102725367
2,320,295,641,244.606864274571
2,328,305,409,483.762836185819
2,329,326,934,412.98608137045
2,348,305,384,388.768229166667
2,350,352,389,257.020565552699
2,352,354,374,382.157754010695
2,359,357,447,242.897091722595
2,366,369,430,159.432558139535
2,369,363,720,317.6
2,390,420,443,166.343115124153
2,394,336,471,452.753715498938
2,394,356,420,357.647619047619
2,402,431,381,437.212598425197
2,428,402,620,291.190322580645
2,432,440,374,283.553475935829
2,439,436,384,279.526041666667
2,440,432,593,274.763912310287
2,444,402,466,405.12017167382
2,444,440,370,414.797297297297
2,447,38,371,265.676549865229
2,464,222,388,572.948453608247
2,465,463,725,398.154482758621
3,1,1,1332,1252.77252252252
3,1,3,482,492.711618257261
3,1,4,865,451.668208092486
3,1,5,709,386.980253878702
3,1,6,537,475.113594040968
3,1,7,575,710.68347826087
3,1,9,1242,363.039452495974
3,1,11,656,378.336890243902
3,1,12,539,384.369202226345
3,1,14,618,637.669902912621
3,1,15,648,577.561728395062
3,1,16,468,481.316239316239
3,1,17,421,455.748218527316
3,1,18,2019,396.675581971273
3,1,22,409,563.520782396088
3,1,23,725,501.314482758621
3,1,24,445,495.262921348315
3,1,25,515,448.207766990291
3,1,27,970,461.378350515464
3,1,28,1035,607.215458937198
3,1,34,636,602.092767295597
3,1,35,1242,515.877616747182
3,1,86,822,411.33698296837
3,1,99,1784,747.968049327354
3,1,113,392,579.540816326531
3,1,121,394,565.337563451777
3,1,174,1180,544.104237288136
3,1,271,433,875.764434180139
3,2,2,707,1154.12588401697
3,2,9,784,234.117346938776
3,2,24,401,469.413965087282
3,2,32,494,508.613360323887
3,3,14,382,779.670157068063
3,3,15,427,580.644028103045
3,3,43,523,768.244741873805
3,4,1,777,410.06435006435
3,4,4,418,1132.70813397129
3,4,32,527,344.351043643264
3,5,1,771,375.859922178988
3,5,5,380,1070.41315789474
3,6,1,789,448.480354879594
3,6,4,377,290.647214854111
3,6,6,766,1219.57832898172
3,6,27,387,443.917312661499
3,6,35,753,438.065073041169
3,7,1,647,615.340030911901
3,7,7,2339,1353.24198375374
3,7,8,375,845.696
3,7,9,465,433.169892473118
3,7,11,454,547.213656387665
3,7,18,402,624.925373134328
3,7,24,600,438.876666666667
3,7,27,510,655.111764705882
3,7,28,393,392.651399491094
3,7,115,420,835.002380952381
3,8,7,526,835.87072243346
3,8,8,408,1621.42892156863
3,8,26,391,375.884910485934
3,8,29,585,407.998290598291
3,8,43,662,753.268882175227
3,9,1,614,422.762214983713
3,9,2,426,411.157276995305
3,9,9,433,1147.66050808314
3,10,10,560,1091.04642857143
3,10,11,397,539.609571788413
3,10,14,373,861.495978552279
3,10,15,529,717.820415879017
3,10,16,387,734.764857881137
3,10,17,429,646.951048951049
3,10,18,510,557.313725490196
3,10,19,655,505.622900763359
3,10,20,474,406.685654008439
3,10,27,534,557.174157303371
3,10,99,430,490.106976744186
3,10,107,371,462.153638814016
3,10,119,463,413.879049676026
3,10,266,478,601.468619246862
3,11,1,815,385.662576687117
3,11,7,487,634.205338809035
3,11,11,729,1370.58436213992
3,11,14,386,610.735751295337
3,11,15,463,521.444924406048
3,11,28,561,574.875222816399
3,11,99,642,703.422118380062
3,11,174,634,498.68927444795
3,12,1,371,530.353099730458
3,12,6,428,388.214953271028
3,12,12,425,1206.38588235294
3,12,17,403,493.538461538462
3,12,18,366,355.456284153005
3,14,1,392,658.788265306122
3,14,14,661,2542.258698941
3,14,16,382,515.497382198953
3,14,18,1198,509.95325542571
3,14,19,417,715.73860911271
3,14,24,482,429.265560165975
3,14,25,518,510.447876447876
3,14,27,1148,612.80574912892
3,14,31,403,631.151364764268
3,14,86,368,735.345108695652
3,14,124,402,1152.15174129353
3,14,217,571,712.019264448336
3,14,271,390,1018.14358974359
3,15,1,387,581.206718346253
3,15,15,497,1250.07645875252
3,15,18,611,511.621931260229
3,15,27,941,531.434643995749
3,15,194,372,697.731182795699
3,16,1,504,480.918650793651
3,16,7,440,448.488636363636
3,16,14,656,563.010670731707
3,16,16,870,1318.2275862069
3,16,27,525,598.902857142857
3,16,194,488,826.930327868852
3,16,253,735,455.621768707483
3,17,1,557,413.886894075404
3,17,12,412,405.509708737864
3,17,14,550,400.021818181818
3,17,27,595,468.233613445378
3,17,35,466,368.697424892704
3,18,1,2279,374.183413777973
3,18,7,502,505.693227091633
3,18,14,1611,475.710117939168
3,18,15,963,397.704049844237
3,18,16,379,518.902374670185
3,18,18,1123,1231.16651825467
3,18,23,565,474.035398230089
3,18,28,633,489.030015797788
3,18,43,415,1241.37590361446
3,18,134,453,594.737306843267
3,18,194,547,860.00365630713
3,18,254,370,661.072972972973
3,19,1,512,469.11328125
3,19,7,482,553.636929460581
3,19,14,1069,620.262862488307
3,19,15,858,509.255244755245
3,19,16,429,490.899766899767
3,19,17,432,396.303240740741
3,19,19,503,1362.27634194831
3,19,23,407,564.894348894349
3,19,43,400,1058.195
3,20,7,523,620.349904397706
3,20,14,822,732.98296836983
3,20,15,846,549.617021276596
3,20,16,624,590.014423076923
3,20,17,588,391.709183673469
3,20,18,572,428.013986013986
3,20,20,821,1330.52862362972
3,20,23,391,639.488491048593
3,20,24,389,630.488431876607
3,20,43,399,921.789473684211
3,20,52,414,893.408212560386
3,21,27,748,522.719251336898
3,22,27,640,574.5921875
3,23,1,556,620.665467625899
3,23,18,575,499.841739130435
3,23,20,367,637.403269754768
3,23,23,638,1338.85109717868
3,23,25,382,552.015706806283
3,23,27,1534,467.01368970013
3,23,29,443,828.345372460497
3,23,43,435,1239.27126436782
3,23,266,497,1064.09054325956
3,23,271,419,1006.77326968974
3,24,1,582,491.245704467354
3,24,2,401,405.563591022444
3,24,7,550,540.558181818182
3,24,24,501,1523.67265469062
3,24,27,1067,412.984067478913
3,24,43,710,1069.18309859155
3,25,1,703,429.018492176387
3,25,14,386,606.126943005181
3,25,25,677,1314.0576070901
3,25,27,745,522.565100671141
3,25,41,421,1025.52731591449
3,25,43,584,1140.65582191781
3,26,19,420,492.154761904762
3,26,26,518,1646.17567567568
3,26,29,428,394.429906542056
3,26,43,910,689.569230769231
3,26,52,375,782.597333333333
3,26,96,958,650.017745302714
3,26,119,458,419.849344978166
3,26,266,473,640.167019027484
3,26,270,430,475.895348837209
3,26,271,458,584.259825327511
3,27,1,1169,448.159110350727
3,27,6,396,421.661616161616
3,27,7,518,629.299227799228
3,27,10,534,614.794007490637
3,27,14,925,713.941621621622
3,27,15,993,526.836858006042
3,27,16,504,689.007936507937
3,27,17,618,487.040453074434
3,27,23,733,613.225102319236
3,27,25,461,914.956616052061
3,27,26,616,551.162337662338
3,27,27,1322,1813.2980332829
3,27,28,491,789.896130346232
3,27,29,850,698.971764705882
3,27,41,654,1375.69113149847
3,27,43,1383,1039.80694143167
3,27,52,585,1278.10427350427
3,27,96,527,1024.83870967742
3,27,112,372,556.572580645161
3,27,113,411,441.961070559611
3,27,116,433,448.099307159353
3,27,174,411,727.245742092457
3,27,266,487,934.490759753593
3,27,270,419,878.579952267303
3,27,271,421,931.532066508314
3,28,1,1166,595.736706689537
3,28,11,765,591.76862745098
3,28,18,701,452.554921540656
3,28,27,1013,496.805528134255
3,28,28,779,1299.5917843389
3,28,31,399,608.563909774436
3,28,217,381,724.874015748032
3,29,18,366,727.781420765027
3,29,19,371,658.827493261456
3,29,20,406,611.916256157635
3,31,28,529,507.5595463138
3,32,2,659,463.564491654021
3,32,4,616,387.00974025974
3,32,9,653,415.136294027565
3,32,16,536,388.59328358209
3,32,32,393,1158.26208651399
3,33,33,952,1516.28676470588
3,33,260,405,1201.62962962963
3,33,449,375,775.565333333333
3,34,1,1064,574.088345864662
3,34,5,472,463.610169491525
3,34,17,390,385.658974358974
3,34,24,392,389.045918367347
3,34,34,371,1309.60916442049
3,35,1,1025,545.870243902439
3,35,5,500,505.732
3,35,17,410,403.353658536585
3,35,20,436,412.470183486239
3,36,36,553,1216.08860759494
3,36,46,443,350.52144469526
3,36,47,413,515.958837772397
3,36,50,547,265.744058500914
3,36,53,861,336.480836236934
3,36,57,1010,270.112871287129
3,36,58,490,402.532653061224
3,36,60,651,338.162826420891
3,36,62,618,404.84142394822
3,36,63,503,393.870775347913
3,36,64,639,501.848200312989
3,36,68,387,498.240310077519
3,36,72,530,451.728301886792
3,36,73,380,476.328947368421
3,36,74,489,472.042944785276
3,37,37,643,1067.70139968896
3,37,64,434,476.241935483871
3,38,27,374,665.216577540107
3,38,38,691,1007.32850940666
3,38,45,500,665.456
3,38,54,638,351.412225705329
3,38,59,401,467.817955112219
3,38,61,833,409.015606242497
3,38,64,471,534.71974522293
3,39,39,450,1137.27777777778
3,39,51,439,303.883826879271
3,40,40,392,1104.90816326531
3,40,46,442,346.350678733032
3,40,47,763,292.205766710354
3,40,51,646,329.685758513932
3,40,56,562,372.46975088968
3,41,3,824,497.558252427184
3,41,10,751,362.155792276964
3,41,14,453,1162.39514348786
3,41,15,396,965.373737373737
3,41,16,416,951.713942307692
3,41,17,416,822.564903846154
3,41,18,661,747.28139183056
3,41,19,759,657.010540184453
3,41,20,927,534.203883495146
3,41,26,419,388.622911694511
3,41,27,550,798.352727272727
3,41,41,666,1726.90990990991
3,41,256,372,429.564516129032
3,41,266,513,534.01559454191
3,43,3,593,671.445193929174
3,43,10,397,606.959697732997
3,43,18,538,903.470260223048
3,43,19,538,848.293680297398
3,43,20,443,805.503386004515
3,43,27,410,960.8
3,43,43,817,1589.06487148103
3,43,52,658,580.238601823708
3,43,55,932,555.001072961373
3,43,87,683,621.524158125915
3,43,88,660,599.136363636364
3,43,89,427,807.409836065574
3,43,90,609,1014.37438423645
3,43,92,524,760.18893129771
3,43,96,517,567.653771760155
3,43,124,570,687.371929824561
3,43,266,476,705.487394957983
3,43,270,579,552.846286701209
3,44,44,552,1024.04710144928
3,44,46,450,249.308888888889
3,44,47,454,371.372246696035
3,44,64,423,468.300236406619
3,45,45,1070,1104.99439252336
3,45,47,462,424.073593073593
3,45,49,431,377.663573085847
3,45,53,485,433.362886597938
3,45,64,681,393.881057268722
3,45,72,388,552.007731958763
3,46,46,449,1108.29398663697
3,46,49,374,371.94385026738
3,47,36,426,547.204225352113
3,47,40,406,378.445812807882
3,47,45,619,396.828756058158
3,47,47,718,1097.18662952646
3,47,134,444,480.894144144144
3,47,136,460,435.521739130435
3,48,87,389,513.233933161954
3,48,96,410,484.421951219512
3,49,45,457,293.857768052516
3,49,46,520,318.278846153846
3,49,47,503,426.526838966203
3,49,49,724,1271.48204419889
3,49,64,572,522.232517482517
3,49,66,402,341.756218905473
3,50,50,376,1076.53989361702
3,51,36,430,489.941860465116
3,51,38,428,330.497663551402
3,51,49,393,428.430025445293
3,51,51,467,1122.47751605996
3,52,20,453,832.269315673289
3,52,41,567,810.716049382716
3,52,43,723,531.092669432918
3,52,52,526,1417.72243346008
3,52,266,663,650.365007541478
3,53,36,916,361.907205240175
3,53,53,675,1045.74666666667
3,53,59,407,549.412776412776
3,53,62,419,309.374701670644
3,53,64,429,612.874125874126
3,53,66,409,441.308068459658
3,53,68,625,391.8048
3,53,73,476,427.352941176471
3,53,74,564,441.141843971631
3,53,77,500,456.136
3,54,36,374,400.510695187166
3,54,38,372,338.956989247312
3,54,54,697,1297.59684361549
3,54,64,600,297.063333333333
3,54,68,374,317.823529411765
3,54,182,367,660.564032697548
3,56,38,376,416.853723404255
3,56,56,494,1147.18825910931
3,57,36,689,372.788098693759
3,57,38,450,325.908888888889
3,57,57,536,1089.00559701493
3,58,58,474,1480.0970464135
3,58,64,496,377.691532258065
3,59,59,636,1203.38836477987
3,59,74,433,424.667436489607
3,59,76,392,382.464285714286
3,59,134,369,523.463414634146
3,60,36,555,366.581981981982
3,60,60,488,1085.56762295082
3,61,38,556,388.097122302158
3,61,61,890,1280.51235955056
3,61,182,397,598.521410579345
3,62,36,408,403.666666666667
3,62,53,411,286.063260340633
3,62,62,595,1258.30420168067
3,62,64,394,521.170050761421
3,63,47,496,402.25
3,63,63,697,971.203730272597
3,63,84,411,425.321167883212
3,64,36,723,491.784232365145
3,64,37,435,401.326436781609
3,64,38,764,386.541884816754
3,64,45,697,394.880918220947
3,64,49,455,524.718681318681
3,64,54,745,304.162416107383
3,64,64,551,1122.80217785844
3,64,67,385,449.179220779221
3,64,74,389,421.048843187661
3,64,182,404,647.272277227723
3,66,36,469,455.944562899787
3,66,45,493,367.776876267748
3,66,49,496,332.348790322581
3,66,53,398,451.781407035176
3,66,66,799,1199.41802252816
3,66,77,553,401.766726943942
3,67,53,462,308.088744588745
3,67,67,741,1225.665317139
3,68,53,628,363.735668789809
3,68,64,368,454.847826086957
3,68,68,791,1093.4386852086
3,68,77,521,434.145873320537
3,69,68,407,330.914004914005
3,70,70,683,1347.83308931186
3,71,66,430,380.295348837209
3,71,71,788,951.81345177665
3,72,36,376,453.175531914894
3,72,37,400,564.695
3,72,47,382,656.625654450262
3,72,49,636,383.22641509434
3,72,72,560,1210.36428571429
3,72,79,436,290.795871559633
3,72,83,394,351.41116751269
3,72,182,380,477.736842105263
3,73,53,458,366.39519650655
3,73,73,584,1060.67123287671
3,73,77,863,244.506373117034
3,73,152,447,421.434004474273
3,74,36,372,593.994623655914
3,74,38,463,446.462203023758
3,74,47,854,459.831381733021
3,74,51,390,426.297435897436
3,74,53,427,457.83606557377
3,74,59,418,370.019138755981
3,74,61,415,379.219277108434
3,74,64,456,435.491228070175
3,74,74,590,1311.33220338983
3,74,84,406,345.886699507389
3,74,182,477,432.058700209644
3,75,75,451,1086.07317073171
3,76,59,602,306.453488372093
3,76,61,393,371.796437659033
3,76,76,450,1256.63777777778
3,76,150,368,303.551630434783
3,77,53,567,449.620811287478
3,77,62,706,428.130311614731
3,77,66,608,320.508223684211
3,77,67,898,388.399777282851
3,77,68,864,270.869212962963
3,77,73,915,241.628415300546
3,78,67,369,307.821138211382
3,78,68,507,256.485207100592
3,79,64,398,464.798994974874
3,79,72,391,369.644501278772
3,79,79,417,1158.98561151079
3,80,64,451,381.864745011086
3,82,82,378,1306.96825396825
3,82,124,1674,644.191756272401
3,83,64,371,427.417789757412
3,84,54,482,547.224066390041
3,84,59,834,391.952038369305
3,84,61,684,472.191520467836
3,84,63,1025,336.205853658537
3,84,64,700,316.76
3,84,71,613,295.168026101142
3,84,74,775,292.32
3,84,84,598,1275.73076923077
3,84,150,550,357.010909090909
3,85,86,473,302.866807610994
3,85,174,1711,354.139684395091
3,85,254,387,369.516795865633
3,85,271,402,750.161691542289
3,86,1,477,573.897274633124
3,86,6,391,450.588235294118
3,86,14,417,649.117505995204
3,86,15,727,527.683631361761
3,86,16,377,588.543766578249
3,86,17,490,452.028571428571
3,86,18,511,422.925636007828
3,86,86,369,1177.23035230352
3,87,43,430,677.725581395349
3,87,48,438,411.98401826484
3,87,90,405,585.63950617284
3,90,87,437,697.848970251716
3,90,90,394,2349.60913705584
3,90,106,691,440.397973950796
3,92,65,453,449.309050772627
3,93,93,367,1108.34332425068
3,96,1,369,1232.73712737127
3,96,10,387,643.178294573643
3,96,26,550,614.712727272727
3,96,96,953,1222.1332633788
3,96,107,402,581.101990049751
3,96,112,488,532.360655737705
3,98,1,377,845.718832891247
3,99,1,850,1178.16705882353
3,99,11,432,895.101851851852
3,99,107,382,403.814136125654
3,103,1,400,577.6525
3,103,18,402,636.136815920398
3,103,103,403,1177.85111662531
3,103,174,485,300.919587628866
3,106,90,609,480.615763546798
3,106,106,429,2138.51282051282
3,107,3,373,590.656836461126
3,107,20,420,563.859523809524
3,107,26,586,396.650170648464
3,107,99,436,369.841743119266
3,107,107,440,1164.81818181818
3,107,113,998,356.785571142285
3,107,114,396,363.676767676768
3,107,116,763,404.832241153342
3,107,118,425,354.691764705882
3,107,124,462,406.435064935065
3,108,108,475,1593.85263157895
3,108,257,366,1078.09016393443
3,109,109,384,2142.36197916667
3,111,18,538,566.631970260223
3,111,174,1327,306.046721929164
3,111,256,790,362.667088607595
3,112,3,388,416.976804123711
3,112,96,398,585.552763819096
3,112,112,535,1169.82803738318
3,113,107,781,401.233034571063
3,113,113,644,2692.80124223602
3,113,116,432,3364.09722222222
3,113,119,580,422.793103448276
3,114,114,392,1339.24744897959
3,115,43,431,696.955916473318
3,116,107,395,396.825316455696
3,116,116,869,1293.29344073648
3,116,117,719,274.819193324061
3,116,119,429,411.379953379953
3,116,121,399,455.681704260652
3,117,113,498,292.903614457831
3,117,116,694,299.723342939481
3,117,119,401,446.216957605985
3,118,118,379,1034.75725593668
3,119,8,487,412.022587268994
3,119,10,442,517.432126696833
3,119,26,404,464.871287128713
3,119,112,455,408.230769230769
3,119,113,909,295.281628162816
3,119,116,456,652.344298245614
3,119,118,411,242.014598540146
3,119,119,684,1239.40204678363
3,119,120,384,305.0546875
3,120,116,491,339.672097759674
3,120,119,504,290.10119047619
3,120,120,440,1054.25454545455
3,121,116,539,473.025974025974
3,121,119,387,359.139534883721
3,121,134,477,335.559748427673
3,122,82,436,508.697247706422
3,122,96,383,539.496083550914
3,123,123,930,962.325806451613
3,123,124,398,438.575376884422
3,124,43,592,772.393581081081
3,124,82,1405,706.49537366548
3,124,107,595,401.040336134454
3,124,123,672,304.831845238095
3,124,124,548,1304.93795620438
3,125,125,450,1214.59333333333
3,126,134,905,330.942541436464
3,126,136,1009,358.424182358771
3,126,141,834,478.308153477218
3,127,127,444,1369.37162162162
3,128,128,394,1173.93908629442
3,128,141,398,396.256281407035
3,129,129,619,1127.15670436187
3,129,130,485,285.938144329897
3,129,136,589,391.55857385399
3,130,130,367,1129.57493188011
3,133,133,450,1002.96888888889
3,133,136,520,431.740384615385
3,134,74,380,655.739473684211
3,134,126,563,331.170515097691
3,134,134,896,1089.24107142857
3,134,135,413,403.740920096852
3,134,136,677,355.745937961595
3,134,158,425,521.054117647059
3,135,56,441,458.072562358277
3,135,134,629,379.669316375199
3,135,135,522,1340.00957854406
3,135,136,1290,407.298449612403
3,136,74,559,641.359570661896
3,136,126,635,371.149606299213
3,136,134,467,326.132762312634
3,136,135,904,410.367256637168
3,136,136,721,1150.93758668516
3,136,137,613,321.849918433931
3,137,136,692,339.270231213873
3,137,137,401,942.451371571072
3,138,138,425,1146.63294117647
3,139,139,777,1478.32303732304
3,139,155,444,574.806306306306
3,139,449,493,816.125760649087
3,140,140,371,1181.83557951482
3,141,126,742,395.67115902965
3,141,141,902,1188.10421286031
3,141,144,429,323.048951048951
3,141,149,552,373.855072463768
3,141,158,997,437.191574724173
3,142,142,537,1192.70391061453
3,142,143,409,343.581907090465
3,143,143,509,1325.80353634578
3,143,146,520,440.851923076923
3,145,126,401,450.044887780549
3,145,131,388,483.538659793814
3,145,144,395,366.382278481013
3,145,145,449,1143.46547884187
3,145,146,386,408.406735751295
3,145,148,459,295.627450980392
3,145,149,423,309.236406619385
3,145,158,775,388.517419354839
3,146,73,377,485.896551724138
3,147,147,410,833.312195121951
3,147,158,601,267.222961730449
3,148,141,760,343.709210526316
3,148,145,692,254.024566473988
3,148,146,573,477.808027923211
3,149,137,369,382.826558265583
3,149,140,495,306.519191919192
3,149,141,575,373.088695652174
3,149,145,598,307.722408026756
3,149,146,396,461.313131313131
3,149,149,428,1238.93457943925
3,149,151,556,350.63309352518
3,150,150,577,1045.2582322357
3,151,129,496,499.125
3,151,149,629,388.782193958665
3,151,151,618,1032.83333333333
3,151,158,1449,335.548654244306
3,152,150,440,248.422727272727
3,152,151,530,322.992452830189
3,153,153,383,904.154046997389
3,154,146,475,321.591578947368
3,154,150,427,318.96018735363
3,155,139,602,639.24584717608
3,155,155,466,1388.9313304721
3,158,128,403,589.483870967742
3,158,134,404,542.856435643564
3,158,141,1339,413.494398805078
3,158,145,962,421.220374220374
3,158,147,518,305.994208494209
3,158,151,1176,416.041666666667
3,158,162,458,431.292576419214
3,159,141,534,402.910112359551
3,160,160,384,1308.80208333333
3,160,257,523,465.803059273423
3,161,146,383,314.516971279373
3,161,161,390,1202.14615384615
3,162,154,546,329.529304029304
3,162,163,600,330.715
3,163,162,461,447.394793926247
3,163,163,527,1302.22580645161
3,163,164,383,506.579634464752
3,163,165,623,312.947030497592
3,164,154,380,313.368421052632
3,164,163,551,409.499092558984
3,164,164,550,1276.25818181818
3,164,165,690,343.575362318841
3,165,163,1422,235.775668073136
3,165,164,417,420.57793764988
3,165,165,476,1009.36974789916
3,166,167,698,208.181948424069
3,166,182,451,474.827050997783
3,167,169,382,266.667539267016
3,167,182,480,372.2
3,167,285,536,345.641791044776
3,167,286,1132,347.407243816254
3,168,168,476,1223.77941176471
3,168,182,867,279.440599769319
3,169,169,385,1108.41038961039
3,169,182,628,252.466560509554
3,170,182,443,499.013544018059
3,171,167,407,245.081081081081
3,171,286,402,337.597014925373
3,172,172,477,1229.89727463312
3,172,182,517,479.013539651838
3,173,167,539,265.458256029685
3,173,182,426,285.528169014084
3,174,1,1148,548.358013937282
3,174,6,431,663.832946635731
3,174,11,746,492.313672922252
3,174,12,514,470.764591439689
3,174,18,450,698.944444444444
3,174,27,367,671.013623978202
3,174,85,1157,499.828003457217
3,174,103,376,387.132978723404
3,174,111,1600,317.755
3,174,174,474,1028.00843881857
3,174,183,1546,284.847994825356
3,174,255,424,347.573113207547
3,174,256,400,357.7075
3,174,271,401,650.189526184539
3,175,175,506,1442.81422924901
3,178,191,500,467.438
3,180,74,382,350.931937172775
3,180,180,436,1283.8876146789
3,180,182,990,255.613131313131
3,181,181,404,1359.7797029703
3,182,51,470,687.774468085106
3,182,61,426,535.302816901409
3,182,64,505,561.79801980198
3,182,74,572,418.465034965035
3,182,84,371,330.361185983828
3,182,123,366,1077.1693989071
3,182,171,577,384.857885615251
3,182,172,623,493.089887640449
3,182,173,472,338.273305084746
3,182,180,440,225.259090909091
3,182,182,1156,1212.87802768166
3,183,18,501,551.810379241517
3,183,174,1383,262.749096167751
3,183,183,372,992.016129032258
3,183,256,570,303.943859649123
3,184,184,641,1471.36973478939
3,185,184,826,295.654963680387
3,185,185,409,1129.9119804401
3,185,186,1000,329.771
3,185,187,478,289.190376569038
3,185,188,515,478.972815533981
3,185,189,393,431.788804071247
3,186,185,806,297.746898263027
3,186,186,584,1347.57705479452
3,186,187,702,227.343304843305
3,187,83,432,543.618055555556
3,187,185,601,245.485856905158
3,187,186,479,365.300626304802
3,187,187,377,1121.42175066313
3,188,184,642,419.663551401869
3,188,185,430,384.841860465116
3,188,187,405,348.41975308642
3,189,185,603,422.066334991708
3,190,190,486,1340.53086419753
3,191,185,478,401.320083682008
3,192,194,480,677.239583333333
3,192,195,370,489.167567567568
3,193,194,484,587.95867768595
3,193,195,372,447.626344086022
3,193,239,371,573.22371967655
3,194,27,367,1316.64305177112
3,194,194,917,1632.84078516903
3,194,195,412,1186.14077669903
3,194,217,410,655.731707317073
3,194,232,459,459.932461873638
3,194,239,376,534.773936170213
3,195,192,472,517.330508474576
3,195,195,491,1848.19348268839
3,197,204,369,612.560975609756
3,197,208,822,804.591240875912
3,197,211,381,923.1312335958
3,197,219,606,588.361386138614
3,197,221,486,570.724279835391
3,197,244,398,425.007537688442
3,198,208,670,623.650746268657
3,200,200,465,1233.28387096774
3,202,204,386,263.215025906736
3,204,197,393,719.508905852417
3,204,199,843,424.699881376038
3,204,202,691,271.586107091172
3,204,206,712,440.157303370787
3,204,240,415,729.918072289157
3,204,242,756,681.506613756614
3,205,205,386,1319.0621761658
3,206,204,871,337.452353616533
3,206,205,489,515.018404907975
3,206,208,1442,514.005547850208
3,206,210,397,407.463476070529
3,206,211,540,617.657407407407
3,206,216,377,425.42175066313
3,206,217,780,669.864102564103
3,206,219,366,403.079234972678
3,206,221,373,357.225201072386
3,206,223,512,593.91015625
3,206,233,375,539.112
3,206,235,606,400.199669966997
3,207,208,378,402.375661375661
3,208,197,856,876.219626168224
3,208,198,727,645.900962861073
3,208,199,467,486.768736616702
3,208,200,460,314.782608695652
3,208,202,651,409.932411674347
3,208,205,417,432.911270983213
3,208,206,1799,541.41078376876
3,208,208,415,1354.14457831325
3,208,209,892,629.82399103139
3,208,214,483,620.267080745342
3,208,215,584,491.335616438356
3,208,217,1347,371.818114328137
3,208,221,383,665.832898172324
3,208,240,700,815.07
3,208,242,1534,707.30964797914
3,208,452,465,581.513978494624
3,208,460,636,767.339622641509
3,209,208,829,635.482509047045
3,209,210,635,468.87874015748
3,209,217,393,749.374045801527
3,209,230,370,460.891891891892
3,210,197,863,678.556199304751
3,210,198,536,503.222014925373
3,210,206,965,380.690155440415
3,210,209,933,506.195069667738
3,210,214,661,405.006051437216
3,210,242,547,760.692870201097
3,210,460,366,622.491803278689
3,211,205,714,379.098039215686
3,211,206,428,640.906542056075
3,211,207,727,386.475928473177
3,211,209,417,723.904076738609
3,211,211,434,1308.82258064516
3,211,217,2453,314.566653077864
3,211,226,590,492.418644067797
3,211,246,573,482.055846422339
3,211,248,900,576.362222222222
3,211,452,1136,510.448063380282
3,211,476,367,530.299727520436
3,212,217,551,283.584392014519
3,213,208,418,518.638755980861
3,213,210,483,426.068322981366
3,214,208,386,523.593264248705
3,215,208,506,421.541501976285
3,215,217,391,533.061381074169
3,216,208,369,423.750677506775
3,216,217,558,489.218637992832
3,217,206,617,779.5056726094
3,217,208,957,466.396029258098
3,217,209,503,839.675944333996
3,217,211,1284,335.841900311527
3,217,212,708,327.574858757062
3,217,217,605,1127.2347107438
3,219,197,798,424.383458646617
3,219,208,547,705.307129798903
3,219,216,370,517.691891891892
3,219,217,510,854.554901960784
3,221,221,399,1090.02255639098
3,221,223,585,462.947008547009
3,221,242,613,496.709624796085
3,222,222,827,1421.51027811366
3,222,241,497,878.362173038229
3,223,217,415,502.944578313253
3,223,221,476,493.390756302521
3,223,223,391,1214.14833759591
3,223,226,440,448.065909090909
3,223,230,598,434.418060200669
3,223,233,375,405.56
3,225,225,468,1205.17307692308
3,226,226,536,1167.02985074627
3,227,197,401,438.718204488778
3,227,237,524,502.812977099237
3,228,227,431,475.030162412993
3,228,242,367,659.528610354223
3,230,209,375,458.317333333333
3,230,230,593,1073.73861720067
3,230,237,436,350.811926605505
3,230,242,485,555.119587628866
3,233,206,483,543.074534161491
3,233,217,374,712.288770053476
3,233,233,519,1512.74373795761
3,235,206,380,372.278947368421
3,236,206,497,389.792756539235
3,236,233,455,323.885714285714
3,236,237,593,381.514333895447
3,236,242,409,574.300733496333
3,237,221,449,456.329621380846
3,237,227,555,654.392792792793
3,237,230,558,384.304659498208
3,237,233,435,404.990804597701
3,237,235,417,468.139088729017
3,237,236,726,418.296143250689
3,240,208,706,725.718130311615
3,241,222,538,908.847583643123
3,241,241,369,1279.0433604336
3,241,459,476,629.737394957983
3,242,204,497,529.935613682093
3,242,206,391,420.544757033248
3,242,208,995,669.107537688442
3,242,211,396,749.992424242424
3,242,216,384,548.997395833333
3,242,217,417,887.561151079137
3,242,221,608,415.018092105263
3,242,235,1065,519.638497652582
3,242,242,389,1238.64010282776
3,242,465,504,480.27380952381
3,244,197,508,489.423228346457
3,244,242,390,481.441025641026
3,245,242,452,496.944690265487
3,245,245,370,1315.0027027027
3,246,211,477,483.417190775681
3,247,247,412,1296.66262135922
3,248,32,501,513.534930139721
3,248,248,517,1302.09477756286
3,252,246,421,402.030878859857
3,252,452,455,384.991208791209
3,253,9,467,450.910064239829
3,253,16,471,559.796178343949
3,254,254,659,1190.0971168437
3,255,174,610,263.414754098361
3,256,111,747,364.298527443106
3,256,174,416,373.737980769231
3,256,183,544,314.038602941176
3,257,108,488,878.30737704918
3,257,160,468,555.991452991453
3,257,257,665,1572.73684210526
3,257,260,429,1033.66666666667
3,260,33,495,1477.61616161616
3,260,257,548,1141.1697080292
3,260,260,989,1903.96966632963
3,262,262,555,1197.8954954955
3,266,1,404,900.376237623762
3,266,3,395,651.660759493671
3,266,10,581,538.282271944923
3,266,14,571,1014.31523642732
3,266,15,545,996.040366972477
3,266,16,400,1010.1475
3,266,18,748,803.839572192513
3,266,19,511,719.344422700587
3,266,20,517,647.765957446809
3,266,23,447,1020.76957494407
3,266,41,474,533.57805907173
3,266,270,1109,399.198376916141
3,270,10,414,523.553140096618
3,270,26,382,356.321989528796
3,270,43,746,585.061662198391
3,270,266,1468,378.121934604905
3,270,270,752,1232.4414893617
3,270,271,543,499.998158379374
3,271,1,463,880.639308855292
3,271,3,649,604.010785824345
3,271,10,1044,485.159961685824
3,271,11,417,715.369304556355
3,271,13,421,1047.69358669834
3,271,14,833,1064.50540216086
3,271,15,932,976.905579399142
3,271,16,640,965.7375
3,271,17,799,870.996245306633
3,271,18,1230,788.960975609756
3,271,19,865,683.076300578035
3,271,20,803,621.508094645081
3,271,23,751,1028.33422103862
3,271,26,723,489.517289073306
3,271,27,627,752.748006379585
3,271,28,472,1028.02118644068
3,271,41,688,533.476744186047
3,271,43,456,803.885964912281
3,271,52,569,757.411247803163
3,271,85,447,858.031319910515
3,271,88,376,947.438829787234
3,271,107,372,792.247311827957
3,271,111,411,710.822384428224
3,271,116,438,684.223744292237
3,271,270,1149,423.241949521323
3,272,10,467,429.413276231263
3,272,15,442,975.981900452489
3,272,18,510,731.819607843137
3,272,270,417,433.705035971223
3,276,295,447,342.181208053691
3,277,295,528,323.863636363636
3,278,280,419,343.405727923628
3,280,295,890,254.813483146067
3,285,305,413,287.912832929782
3,286,167,843,269.109134045077
3,286,168,401,288.618453865337
3,286,182,659,393.740515933232
3,288,312,423,275.659574468085
3,292,302,495,348.989898989899
3,295,277,436,388.506880733945
3,295,280,725,351.961379310345
3,295,299,378,479.415343915344
3,295,302,465,591.002150537634
3,295,319,407,337.233415233415
3,296,296,401,1219.93266832918
3,296,300,385,545.542857142857
3,297,280,474,408.597046413502
3,300,300,455,1386.46813186813
3,302,302,456,1356.65131578947
3,302,321,429,667.902097902098
3,305,173,605,371.952066115703
3,305,309,469,331.217484008529
3,309,305,379,230.263852242744
3,310,305,503,328.17097415507
3,310,312,558,220.756272401434
3,312,310,591,228.818950930626
3,317,302,653,332.073506891271
3,318,302,447,307.492170022371
3,319,295,473,330.128964059197
3,319,297,415,282.219277108434
3,319,302,565,403.828318584071
3,320,295,523,312.738049713193
3,321,295,502,356.093625498008
3,323,340,630,288.67619047619
3,325,302,473,280.473572938689
3,327,327,579,1341.99309153713
3,327,391,374,890.828877005348
3,328,310,562,241.510676156584
3,329,326,644,485.874223602484
3,334,308,474,295.54641350211
3,340,324,520,344.871153846154
3,349,326,366,330.071038251366
3,351,326,405,531.338271604938
3,352,353,388,274.061855670103
3,352,369,370,475.454054054054
3,356,317,386,468.896373056995
3,356,359,570,482.856140350877
3,356,361,418,313.700956937799
3,357,359,518,445.353281853282
3,357,361,402,338.213930348259
3,359,356,998,394.768537074148
3,359,357,832,279.195913461538
3,359,359,542,1546.67712177122
3,359,372,377,513.925729442971
3,360,360,531,1369.70433145009
3,363,363,372,1145.05107526882
3,363,369,494,371.054655870445
3,366,369,1010,238.878217821782
3,369,363,543,354.274401473297
3,369,366,602,231.310631229236
3,372,359,388,486.855670103093
3,372,370,574,274.06968641115
3,373,359,666,324.824324324324
3,385,389,478,306.303347280335
3,385,390,425,366.950588235294
3,387,385,406,230.832512315271
3,389,385,566,353.233215547703
3,390,334,414,547.113526570048
3,390,371,382,420.102094240838
3,390,385,381,400.123359580052
3,390,396,597,362.845896147404
3,390,398,489,541.627811860941
3,390,420,522,275.091954022988
3,391,327,467,1039.13490364026
3,391,391,625,1291.1616
3,392,390,474,249.940928270042
3,394,372,518,264.494208494209
3,394,390,372,319.698924731183
3,396,390,867,410.262975778547
3,398,390,472,556.411016949153
3,398,392,410,431.875609756098
3,432,440,680,336.686764705882
3,433,433,635,900.296062992126
3,433,435,380,205.955263157895
3,433,436,671,335.897168405365
3,434,434,682,1210.71554252199
3,439,436,636,316.245283018868
3,439,437,763,233.693315858453
3,440,431,485,396.907216494845
3,440,432,761,321.432325886991
3,440,442,1022,184.495107632094
3,440,443,667,347.409295352324
3,440,444,529,382.525519848771
3,443,440,539,411.571428571429
3,444,440,479,411.242171189979
3,445,445,366,1672.53551912568
3,449,222,390,1342.02051282051
3,449,241,436,1546.23394495413
3,449,260,465,1549.07311827957
3,449,449,1082,1411.31515711645
3,452,208,468,595.448717948718
3,452,211,937,481.361792956243
3,452,252,490,376.451020408163
3,454,454,378,1547.13756613757
3,459,459,429,1444.79487179487
3,460,208,621,699.109500805153
3,463,465,746,392.898123324397
3,465,463,814,454.470515970516
3,475,245,381,517.855643044619
3,476,217,427,529.259953161593
3,476,242,371,743.881401617251
3,476,465,456,532.287280701754
4,1,1,544,1101.44301470588
4,1,4,389,430.457583547558
4,1,11,429,334.009324009324
4,1,18,867,371.658592848904
4,1,27,537,471.748603351955
4,1,34,442,643.825791855204
4,1,35,798,518.675438596491
4,1,86,438,483.050228310502
4,1,174,1033,567.322362052275
4,1,266,804,924.429104477612
4,1,267,551,925.803992740472
4,1,271,642,916.772585669782
4,1,272,405,888.377777777778
4,3,266,666,676.313813813814
4,3,267,584,651.219178082192
4,3,271,700,631.267142857143
4,3,272,394,562.766497461929
4,4,1,628,390.816878980892
4,5,271,417,955.697841726619
4,6,1,413,316.968523002421
4,6,174,607,564.856672158155
4,6,271,466,872.429184549356
4,7,1,397,552.123425692695
4,7,266,486,1272.25925925926
4,7,271,371,1256.90566037736
4,8,43,470,623.514893617021
4,8,266,404,730.094059405941
4,9,1,376,427.595744680851
4,9,174,493,675.847870182556
4,9,266,382,1044.74869109948
4,10,266,1047,538.063992359121
4,10,267,733,521.379263301501
4,10,271,410,590.824390243902
4,11,1,371,357.644204851752
4,11,174,882,487.308390022676
4,12,174,567,555.171075837742
4,13,266,539,1207.83858998145
4,13,267,470,1236.49574468085
4,13,271,442,1159.99321266968
4,14,27,512,599.115234375
4,14,176,439,1188.23006833713
4,14,266,746,1243.57506702413
4,14,267,519,1235.53564547206
4,14,271,717,1166.09762900976
4,14,272,377,1101.10875331565
4,15,20,449,591.104677060134
4,15,27,548,501.054744525547
4,15,266,856,1135.53621495327
4,15,267,693,1220.27561327561
4,15,271,615,1076.4487804878
4,16,32,460,343.130434782609
4,16,35,366,412.051912568306
4,16,266,1106,1076.33815551537
4,16,267,778,1090.24678663239
4,16,271,625,1039.5648
4,17,1,419,377.188544152745
4,17,35,413,451.883777239709
4,17,266,774,1035.54909560724
4,17,267,651,1044.33333333333
4,17,271,625,930.0928
4,17,272,409,896.611246943765
4,18,1,1334,362.454272863568
4,18,15,465,444.85376344086
4,18,41,455,745.898901098901
4,18,174,553,690.902350813743
4,18,266,999,885.014014014014
4,18,267,657,906.027397260274
4,18,270,391,784.161125319693
4,18,271,897,841.52508361204
4,18,272,522,807.239463601533
4,19,174,524,588.013358778626
4,19,266,637,838.590266875981
4,19,267,459,849.980392156863
4,19,271,656,733.077743902439
4,20,176,389,679.719794344473
4,20,266,788,737.404822335025
4,20,267,680,738.792647058823
4,20,271,677,675.211225997046
4,20,272,522,650.231800766284
4,21,27,543,529.16758747698
4,21,266,776,1151.25902061856
4,21,267,619,1190.63974151858
4,21,271,486,1119.13991769547
4,22,27,619,558.502423263328
4,22,266,760,1185.46184210526
4,22,267,688,1192.9375
4,22,271,486,1081.34773662551
4,23,27,749,485.618157543391
4,23,31,426,521.049295774648
4,23,266,1706,1090.44958968347
4,23,267,1160,1106.13879310345
4,23,271,895,1061.28603351955
4,23,272,482,1009.78423236515
4,24,1,375,476.050666666667
4,24,27,549,391.841530054645
4,24,41,508,814.425196850394
4,24,43,377,1071.11671087533
4,24,176,367,1060.06267029973
4,24,266,1157,1041.9360414866
4,24,267,776,1062.98969072165
4,24,271,724,1044.68508287293
4,24,272,409,1049.59168704156
4,25,43,410,972.346341463415
4,25,266,1007,972.551142005958
4,25,267,713,1053.24403927069
4,25,271,534,944.239700374532
4,26,43,458,521.596069868996
4,26,96,467,617.770877944325
4,26,107,565,390.274336283186
4,26,266,970,556.362886597938
4,26,267,665,567.61954887218
4,26,271,438,570.296803652968
4,27,1,771,459.735408560311
4,27,15,421,467.928741092637
4,27,27,443,1101.39051918736
4,27,29,571,640.740805604203
4,27,41,811,671.471023427867
4,27,43,814,908.87714987715
4,27,52,615,954.00325203252
4,27,174,676,699.14201183432
4,27,176,374,856.433155080214
4,27,183,392,631.673469387755
4,27,266,1376,828.256540697674
4,27,267,1025,857.378536585366
4,27,270,577,715.084922010399
4,27,271,1322,783.195915279879
4,27,272,617,779.145867098865
4,28,1,499,638.957915831663
4,28,27,516,496.455426356589
4,28,266,1271,1146.31313926042
4,28,267,752,1148.08510638298
4,28,271,594,1113.77946127946
4,28,272,422,1076.15165876777
4,31,158,401,761.593516209476
4,31,266,469,902.765458422175
4,31,267,463,906.11879049676
4,32,266,447,1144.70022371365
4,32,271,439,1113.29157175399
4,34,1,443,596.986455981941
4,35,1,612,558.900326797386
4,36,53,783,319.329501915709
4,36,64,500,559.924
4,36,182,628,763.089171974522
4,37,64,387,444.289405684755
4,38,64,440,493.122727272727
4,41,266,647,476.952086553323
4,41,267,466,489.309012875536
4,43,43,449,1498.39420935412
4,43,266,581,743.605851979346
4,43,270,384,575.734375
4,43,271,406,765.098522167488
4,45,64,424,387.36320754717
4,47,47,371,1240.54447439353
4,52,43,389,632.80205655527
4,52,266,732,686.19262295082
4,52,267,542,715.878228782288
4,52,271,415,848.679518072289
4,53,36,486,408.022633744856
4,54,64,616,310.521103896104
4,61,38,544,357.869485294118
4,61,61,384,1165.36979166667
4,61,84,501,372.333333333333
4,63,84,487,409.872689938398
4,66,77,440,300.388636363636
4,68,77,403,346.950372208437
4,73,77,501,219.071856287425
4,77,66,400,300.5975
4,77,68,400,321.4
4,84,64,383,378.407310704961
4,85,174,1072,406.694029850746
4,85,266,500,796.098
4,85,271,680,749.705882352941
4,86,266,551,597.785843920145
4,86,267,392,632.18112244898
4,86,271,616,575.431818181818
4,86,272,433,521.371824480369
4,90,106,372,525.336021505376
4,96,26,544,661.876838235294
4,96,96,406,1307.66748768473
4,111,174,723,301.840940525588
4,111,266,419,750.751789976134
4,113,96,410,578.187804878049
4,113,107,796,334.690954773869
4,113,119,390,292.520512820513
4,115,266,417,722.278177458034
4,116,107,517,361.930367504836
4,116,266,477,766.222222222222
4,116,267,508,774.486220472441
4,117,107,378,462.465608465608
4,117,116,530,249.188679245283
4,117,266,562,786.003558718861
4,134,126,408,319.779411764706
4,134,158,523,618.873804971319
4,135,136,486,390.049382716049
4,136,126,500,323.104
4,136,135,755,414.670198675497
4,136,136,367,1188.95367847411
4,136,158,477,583.220125786164
4,139,139,385,1394.13246753247
4,141,126,509,374.958742632613
4,141,141,379,1159.44854881266
4,141,158,789,436.250950570342
4,145,149,379,323.290237467018
4,145,158,422,347.317535545024
4,150,162,377,329.785145888594
4,151,158,409,320.422982885086
4,154,146,443,279.151241534989
4,155,155,374,1431.94117647059
4,158,141,396,451.492424242424
4,158,145,572,424.351398601399
4,158,147,377,297.708222811671
4,158,151,660,429.193939393939
4,158,162,485,420.921649484536
4,160,160,454,1173.35242290749
4,163,162,424,331.985849056604
4,163,165,578,274.138408304498
4,164,163,485,421.99793814433
4,164,165,520,348.084615384615
4,165,163,585,208.189743589744
4,166,167,387,236.767441860465
4,167,169,409,240.743276283619
4,167,285,492,323.563008130081
4,167,286,399,386.598997493734
4,174,1,537,560.739292364991
4,174,85,619,467.042003231018
4,174,111,818,356.49511002445
4,174,183,787,365.049555273189
4,180,180,493,1670.630831643
4,180,182,393,326.167938931298
4,182,64,430,575.516279069767
4,182,171,444,390.495495495496
4,182,172,460,495.765217391304
4,182,182,487,1192.96919917864
4,182,266,384,1742.07552083333
4,182,267,390,1755.24615384615
4,183,174,561,274.82174688057
4,185,186,396,446.290404040404
4,186,185,377,312.920424403183
4,186,187,407,272.933660933661
4,194,194,397,1259.81360201511
4,197,208,637,791.995290423862
4,197,271,385,1717.34025974026
4,198,204,463,494.261339092873
4,198,208,511,605.3385518591
4,198,210,391,480.058823529412
4,202,204,581,265.571428571429
4,202,208,607,384.375617792422
4,206,204,733,322.924965893588
4,206,208,1283,466.730319563523
4,206,211,418,629.193779904306
4,206,217,430,729.911627906977
4,207,211,378,328.849206349206
4,208,197,481,950.355509355509
4,208,206,687,530.241630276565
4,208,209,416,644.790865384615
4,208,217,545,445.306422018349
4,208,242,626,840.599041533546
4,209,208,795,558.027672955975
4,209,210,435,455.094252873563
4,211,217,604,441.289735099338
4,213,208,478,574.608786610879
4,213,210,423,427.101654846336
4,214,208,480,500.914583333333
4,214,210,376,357.337765957447
4,215,208,649,402.921417565485
4,215,217,370,555.767567567568
4,216,217,503,505.155069582505
4,217,206,449,777.594654788419
4,217,208,520,403.019230769231
4,217,211,1792,292.36328125
4,217,212,710,268.42676056338
4,217,266,413,1659.82566585956
4,219,208,687,662.465793304221
4,221,223,384,502.643229166667
4,235,237,543,359.872928176796
4,236,28,367,804.871934604905
4,236,237,688,358.155523255814
4,236,238,414,404.657004830918
4,240,208,581,712.449225473322
4,242,204,503,556.381709741551
4,242,208,850,634.228235294118
4,248,32,431,519.07192575406
4,256,111,531,347.811676082863
4,256,183,704,309.444602272727
4,257,160,441,573.378684807256
4,260,260,408,1543.07843137255
4,270,266,1616,356.667079207921
4,270,267,1040,362.644230769231
4,270,270,420,1272.19761904762
4,270,271,675,417.256296296296
4,271,270,410,509.863414634146
4,280,295,531,279.156308851224
4,286,167,555,328.659459459459
4,295,277,446,373.121076233184
4,295,280,384,404.78125
4,297,280,366,428.770491803279
4,302,154,529,634.773156899811
4,305,328,467,491.44539614561
4,306,329,430,482.125581395349
4,310,384,476,858.72268907563
4,327,327,413,1346.46004842615
4,359,356,422,418.862559241706
4,359,357,639,342.411580594679
4,372,359,447,532.315436241611
4,384,390,407,335
4,385,390,382,323.950261780105
4,389,385,395,314.032911392405
4,390,396,707,355.809052333805
4,390,398,815,503.598773006135
4,391,391,474,1351.32700421941
4,402,444,391,457.117647058824
4,440,432,488,335.090163934426
4,440,442,489,288.934560327198
4,447,53,395,285.518987341772
4,449,449,490,1432.02040816327
4,452,32,426,764.884976525822
4,452,211,770,491.357142857143
4,460,208,641,699.266770670827
4,463,465,991,426.694248234107
4,475,211,380,485.6
5,18,1,552,405.802536231884
5,26,271,387,462.227390180879
5,107,113,382,291.735602094241
5,113,107,403,466.873449131514
5,158,151,403,396.744416873449
5,174,111,522,307.818007662835
5,256,183,703,306.482219061166
