"Genero_Usuario","Ciclo_Estacion_Retiro","Ciclo_Estacion_Arribo","Viajes","Tiempo_Promedio"
"F",1,"1",467,1254.72162740899
"F",1,"174",390,655.128205128205
"F",1,"18",1106,371.355334538879
"F",1,"35",406,567.92118226601
"F",1,"4",393,431.315521628499
"F",4,"1",377,396.506631299735
"F",6,"35",489,437.562372188139
"F",9,"1",371,408.466307277628
"F",14,"27",389,715.73264781491
"F",15,"27",548,513.81204379562
"F",16,"16",442,1043.407239819
"F",18,"1",1271,359.473642800944
"F",18,"255",371,622.097035040431
"F",21,"27",493,500.539553752535
"F",23,"27",483,511.217391304348
"F",24,"266",424,1076.61320754717
"F",24,"27",465,441.537634408602
"F",26,"43",369,522.845528455285
"F",27,"1",535,510.166355140187
"F",27,"15",442,499.495475113122
"F",27,"174",449,735.104677060134
"F",27,"266",488,915.174180327869
"F",27,"27",408,1122.64705882353
"F",27,"29",420,652.471428571429
"F",27,"41",426,858.992957746479
"F",27,"43",610,1009.76721311475
"F",28,"266",378,1177.42063492063
"F",33,"139",394,898.464467005076
"F",33,"33",411,1638.89051094891
"F",34,"1",414,574.072463768116
"F",35,"1",488,613.022540983607
"F",35,"32",407,327.850122850123
"F",40,"47",390,293.2
"F",41,"18",395,745.303797468354
"F",41,"19",426,646.384976525822
"F",41,"20",709,530.830747531735
"F",41,"3",446,492.275784753363
"F",49,"46",449,333.543429844098
"F",53,"36",382,292.82722513089
"F",53,"447",369,245.49593495935
"F",54,"38",411,258.30900243309
"F",64,"36",578,508.112456747405
"F",64,"37",543,442.672191528545
"F",64,"38",501,471.842315369261
"F",64,"44",376,474.877659574468
"F",64,"45",549,349.779599271403
"F",71,"182",448,525.265625
"F",74,"47",405,513.483950617284
"F",85,"174",625,372.2912
"F",86,"1",429,528.517482517483
"F",86,"16",392,591.923469387755
"F",111,"174",569,313.335676625659
"F",111,"18",736,441.289402173913
"F",120,"120",393,1045.81170483461
"F",123,"123",444,1046.53153153153
"F",126,"134",723,295.467496542185
"F",126,"141",666,428.923423423423
"F",133,"136",366,490.043715846995
"F",134,"126",568,272.193661971831
"F",134,"134",366,1082.3087431694
"F",135,"134",393,330.417302798982
"F",135,"136",817,377.412484700122
"F",136,"135",797,372.598494353827
"F",136,"137",378,351.740740740741
"F",137,"136",432,319.106481481481
"F",139,"139",381,1349.43569553806
"F",139,"155",701,459.400855920114
"F",140,"148",368,252.660326086957
"F",141,"126",663,389.829562594268
"F",141,"141",374,1422.02406417112
"F",141,"158",907,441.556780595369
"F",145,"126",458,431.264192139738
"F",145,"149",513,288.345029239766
"F",145,"158",589,375.176570458404
"F",147,"147",1393,867.173725771716
"F",148,"141",397,414.745591939547
"F",148,"145",439,253.731207289294
"F",149,"145",474,309.970464135021
"F",150,"153",417,237.529976019185
"F",150,"157",372,337.166666666667
"F",151,"158",601,340.928452579035
"F",155,"139",807,462
"F",158,"141",817,431.148102815177
"F",158,"145",846,383.017730496454
"F",158,"147",377,410.594164456233
"F",158,"151",414,410.705314009662
"F",160,"257",392,446.869897959184
"F",162,"163",546,312.858974358974
"F",163,"162",712,323.862359550562
"F",163,"165",545,280.038532110092
"F",164,"165",463,333.099352051836
"F",165,"163",1178,225.072156196944
"F",166,"167",504,190.043650793651
"F",167,"182",394,401.639593908629
"F",167,"286",503,364.733598409543
"F",168,"182",577,254.797227036395
"F",169,"182",415,283.387951807229
"F",174,"1",450,558.168888888889
"F",174,"111",787,318.592121982211
"F",174,"183",861,273.116144018583
"F",174,"255",377,325.564986737401
"F",183,"174",586,276.918088737201
"F",185,"186",398,368.208542713568
"F",186,"185",488,315.602459016393
"F",186,"187",437,219.368421052632
"F",189,"185",584,292.407534246575
"F",191,"185",371,411.88409703504
"F",194,"194",534,1256.92134831461
"F",194,"232",433,411.357967667436
"F",194,"239",424,304.702830188679
"F",197,"208",475,807.92
"F",204,"202",378,303.632275132275
"F",204,"206",381,467.923884514436
"F",206,"208",727,524.832187070151
"F",208,"206",699,518.098712446352
"F",208,"217",552,327.666666666667
"F",208,"242",695,749.061870503597
"F",208,"460",419,763.038186157518
"F",210,"197",505,710.164356435644
"F",210,"206",530,401.78679245283
"F",210,"209",428,530.661214953271
"F",211,"217",1106,279.80198915009
"F",216,"217",391,487.324808184143
"F",217,"211",858,278.404428904429
"F",217,"212",490,274.195918367347
"F",229,"198",407,369.031941031941
"F",237,"233",372,336.384408602151
"F",241,"459",485,617.183505154639
"F",242,"208",458,667.639737991266
"F",254,"254",993,1411.9335347432
"F",255,"174",391,266.716112531969
"F",256,"111",543,385.889502762431
"F",256,"183",417,344.364508393285
"F",257,"108",421,791.57244655582
"F",257,"459",373,1368.90884718499
"F",260,"260",373,1510.84450402145
"F",262,"262",506,1105.92885375494
"F",270,"266",629,402.748807631161
"F",270,"270",539,997.486085343228
"F",271,"10",505,494.580198019802
"F",271,"16",367,969.564032697548
"F",271,"18",382,793.94502617801
"F",271,"19",371,764.385444743935
"F",271,"270",527,363.117647058824
"F",286,"167",406,279.502463054187
"F",286,"168",403,348.610421836228
"F",286,"305",406,299.480295566502
"F",288,"312",625,179.4448
"F",295,"299",396,428.906565656566
"F",295,"319",381,351.687664041995
"F",310,"312",391,274.107416879795
"F",312,"310",367,230.179836512262
"F",319,"295",695,408.794244604317
"F",320,"295",420,406.335714285714
"F",328,"310",760,243.743421052632
"F",354,"387",393,393.715012722646
"F",359,"356",584,391.729452054795
"F",359,"357",586,323.723549488055
"F",363,"369",479,368.313152400835
"F",366,"369",747,176.566265060241
"F",369,"363",613,355.750407830343
"F",369,"366",708,224.014124293785
"F",373,"359",417,340.040767386091
"F",383,"384",373,207.364611260054
"F",385,"389",463,345.231101511879
"F",390,"396",366,376.415300546448
"F",390,"398",428,586.268691588785
"F",391,"391",379,1628.40105540897
"F",394,"356",370,436.754054054054
"F",428,"402",464,432.394396551724
"F",439,"437",368,230.222826086957
"F",440,"443",388,408.64175257732
"F",449,"449",534,1375.61797752809
"F",463,"465",875,498.96
"F",465,"463",696,551.958333333333
"F",467,"464",396,540.032828282828
"F",476,"14",369,944.558265582656
"M",1,"1",1684,1213.36520190024
"M",1,"10",397,552.166246851385
"M",1,"103",583,551.965694682676
"M",1,"11",736,415.073369565217
"M",1,"111",410,514.036585365854
"M",1,"12",591,370.106598984772
"M",1,"14",602,586.594684385382
"M",1,"15",759,501.139657444005
"M",1,"16",602,477.714285714286
"M",1,"174",2050,533.756097560976
"M",1,"18",2485,370.05754527163
"M",1,"183",674,483.480712166172
"M",1,"2",801,332.746566791511
"M",1,"23",695,491.717985611511
"M",1,"24",492,486.132113821138
"M",1,"25",810,405.196296296296
"M",1,"254",392,648.543367346939
"M",1,"266",1096,898.801094890511
"M",1,"267",654,899.233944954128
"M",1,"27",1469,402.582709326072
"M",1,"271",1071,860.339869281046
"M",1,"28",960,592.489583333333
"M",1,"30",934,464.647751605996
"M",1,"34",929,558.294940796555
"M",1,"35",2373,509.678466076696
"M",1,"4",869,408.949367088608
"M",1,"41",369,862.113821138211
"M",2,"1",659,357.546282245827
"M",2,"14",372,419.008064516129
"M",2,"16",646,333.482972136223
"M",2,"2",863,1142.41714947856
"M",2,"24",600,357.298333333333
"M",2,"27",435,533.326436781609
"M",2,"32",699,524.303290414878
"M",2,"35",656,606.271341463415
"M",3,"107",456,500.563596491228
"M",3,"14",500,755.82
"M",3,"15",584,634.530821917808
"M",3,"266",622,696.72347266881
"M",3,"267",434,702.905529953917
"M",3,"271",511,658.982387475538
"M",3,"3",424,2322.81132075472
"M",3,"41",505,591.051485148515
"M",3,"43",488,742.27868852459
"M",4,"1",722,389.639889196676
"M",4,"18",372,380.161290322581
"M",4,"32",551,383.130671506352
"M",4,"4",398,1042.42462311558
"M",5,"1",889,360.015748031496
"M",5,"32",578,418.792387543253
"M",5,"35",572,578.06993006993
"M",5,"36",422,626.260663507109
"M",6,"1",823,469.709599027947
"M",6,"12",384,351.4296875
"M",6,"14",381,578.09186351706
"M",6,"174",977,554.473899692938
"M",6,"266",422,967.976303317536
"M",6,"27",390,412.217948717949
"M",6,"271",491,838.50916496945
"M",6,"34",409,452.960880195599
"M",6,"35",847,493.247933884298
"M",6,"4",476,256.012605042017
"M",7,"1",635,589.08031496063
"M",7,"115",513,778.783625730994
"M",7,"12",531,721.61581920904
"M",7,"2",443,328.51467268623
"M",7,"24",442,428.095022624434
"M",7,"266",799,1250.01376720901
"M",7,"267",504,1281.00198412698
"M",7,"27",537,617.070763500931
"M",7,"271",401,1263.45137157107
"M",7,"28",386,371.458549222798
"M",7,"32",420,382.942857142857
"M",8,"266",543,720.878453038674
"M",8,"271",392,833.27806122449
"M",8,"29",587,495.422487223169
"M",8,"41",582,535.285223367698
"M",8,"43",820,682.929268292683
"M",9,"1",876,409.916666666667
"M",9,"14",390,264.6
"M",9,"174",508,763.812992125984
"M",9,"2",458,484.807860262009
"M",9,"266",540,1066.44259259259
"M",9,"267",374,1090.55080213904
"M",9,"32",640,384.7953125
"M",10,"1",574,722.433797909408
"M",10,"10",789,1250.75918884664
"M",10,"107",406,458.5960591133
"M",10,"11",389,460.835475578406
"M",10,"15",485,734.534020618557
"M",10,"16",400,692.225
"M",10,"17",370,577.910810810811
"M",10,"18",558,485.982078853047
"M",10,"19",512,460.748046875
"M",10,"20",445,370.4
"M",10,"266",1213,503.779884583677
"M",10,"267",736,526.032608695652
"M",10,"27",551,489.076225045372
"M",10,"271",586,639.633105802048
"M",10,"43",476,596.023109243697
"M",11,"1",802,385.391521197007
"M",11,"103",484,690.123966942149
"M",11,"11",743,1205.04845222073
"M",11,"121",636,397.309748427673
"M",11,"15",442,507.391402714932
"M",11,"174",1123,491.804096170971
"M",11,"28",430,582.467441860465
"M",11,"34",551,470.157894736842
"M",11,"35",539,432.285714285714
"M",11,"41",433,668.651270207852
"M",11,"43",396,742.542929292929
"M",12,"1",626,473.640575079872
"M",12,"103",366,593.890710382514
"M",12,"12",383,1235.37075718016
"M",12,"174",526,477.975285171103
"M",13,"266",534,1193.52621722846
"M",13,"267",424,1166.04481132075
"M",14,"14",557,1439.89946140036
"M",14,"18",772,612.084196891192
"M",14,"217",544,629.902573529412
"M",14,"24",409,419.819070904645
"M",14,"25",556,477.807553956835
"M",14,"266",923,1162.78114842904
"M",14,"267",625,1164.608
"M",14,"27",936,571.415598290598
"M",14,"271",1053,1060.62962962963
"M",14,"31",449,585.953229398664
"M",15,"1",542,619.365313653137
"M",15,"115",429,565.988344988345
"M",15,"15",778,1086.86118251928
"M",15,"18",603,458.069651741294
"M",15,"194",376,782.287234042553
"M",15,"20",404,649.628712871287
"M",15,"217",376,695.949468085106
"M",15,"24",379,438.817941952507
"M",15,"250",383,590.958224543081
"M",15,"266",1200,1086.61916666667
"M",15,"267",846,1093.31678486998
"M",15,"27",1300,492.132307692308
"M",15,"271",768,1029.06640625
"M",15,"29",383,829.861618798956
"M",15,"31",562,562.987544483986
"M",15,"35",545,505.915596330275
"M",15,"43",396,1179.07323232323
"M",15,"46",525,337.72380952381
"M",16,"1",616,456.920454545455
"M",16,"14",487,514.026694045175
"M",16,"16",1144,1035.41695804196
"M",16,"194",434,857.746543778802
"M",16,"2",409,429.462102689487
"M",16,"253",640,454.696875
"M",16,"266",955,1067.47015706806
"M",16,"267",631,1071.79239302694
"M",16,"27",612,618.622549019608
"M",16,"271",548,1074.37408759124
"M",16,"32",597,345.4405360134
"M",16,"35",575,371.641739130435
"M",17,"14",384,427.309895833333
"M",17,"266",701,986.218259629101
"M",17,"267",516,984.259689922481
"M",17,"27",374,367.53743315508
"M",17,"271",557,925.734290843806
"M",17,"35",508,328.027559055118
"M",18,"1",3180,382.229559748428
"M",18,"103",437,756.356979405034
"M",18,"12",374,398.641711229947
"M",18,"14",1131,505.770114942529
"M",18,"15",940,410.58829787234
"M",18,"174",819,686.335775335775
"M",18,"18",1065,1280.56525821596
"M",18,"183",417,602.786570743405
"M",18,"20",484,330.671487603306
"M",18,"23",376,422.55585106383
"M",18,"266",1421,883.4257565095
"M",18,"267",835,906.722155688623
"M",18,"271",1083,824.923361034164
"M",18,"272",493,793.543610547667
"M",18,"28",427,589.510538641686
"M",18,"29",469,692.940298507463
"M",18,"4",371,386.5525606469
"M",18,"41",520,922.503846153846
"M",18,"43",601,1113.00499168053
"M",19,"1",577,472.362218370884
"M",19,"14",698,596.240687679083
"M",19,"15",1113,462.007187780773
"M",19,"16",507,490.51282051282
"M",19,"174",635,601.453543307087
"M",19,"19",512,1331.9296875
"M",19,"24",600,424.95
"M",19,"266",697,828.015781922525
"M",19,"267",454,830.859030837004
"M",19,"271",538,798.369888475836
"M",19,"34",447,435.384787472036
"M",20,"13",409,538.134474327628
"M",20,"14",695,690.644604316547
"M",20,"15",989,483.32760364004
"M",20,"16",672,519.53869047619
"M",20,"17",384,396.065104166667
"M",20,"174",482,642.765560165975
"M",20,"18",540,342.753703703704
"M",20,"20",891,1319.72502805836
"M",20,"23",563,502.488454706927
"M",20,"254",405,506.185185185185
"M",20,"259",366,429.371584699454
"M",20,"266",856,752.503504672897
"M",20,"267",694,749.49855907781
"M",20,"271",641,723.135725429017
"M",20,"29",482,564.647302904564
"M",20,"34",464,389.487068965517
"M",20,"41",442,651.814479638009
"M",20,"43",402,886.731343283582
"M",21,"1",523,577.154875717017
"M",21,"266",928,1096.2974137931
"M",21,"267",630,1116.78571428571
"M",21,"27",888,576.567567567568
"M",21,"271",429,1067.29836829837
"M",21,"43",460,1054.13043478261
"M",22,"266",773,1145.45924967658
"M",22,"267",560,1152.38392857143
"M",22,"27",750,516.765333333333
"M",22,"43",414,1179.93236714976
"M",23,"1",643,515.517884914463
"M",23,"174",475,884.875789473684
"M",23,"18",549,432.40072859745
"M",23,"23",497,1028.05432595573
"M",23,"266",1604,1074.34600997506
"M",23,"267",1045,1095.14928229665
"M",23,"27",1479,446.156186612576
"M",23,"271",919,1054.17410228509
"M",23,"29",576,802.666666666667
"M",23,"31",481,549.101871101871
"M",23,"35",375,467.861333333333
"M",23,"41",505,945.053465346535
"M",23,"43",568,1164.91725352113
"M",24,"1",881,462.466515323496
"M",24,"11",382,448.858638743456
"M",24,"2",496,369.459677419355
"M",24,"24",506,1346.05731225296
"M",24,"26",460,616.195652173913
"M",24,"266",1670,1011.8754491018
"M",24,"267",1070,1021.14859813084
"M",24,"27",1434,391.484658298466
"M",24,"271",902,1037.63082039911
"M",24,"272",400,1087.965
"M",24,"29",569,766.630931458699
"M",24,"31",399,485.516290726817
"M",24,"35",496,530.219758064516
"M",24,"41",765,916.559477124183
"M",24,"43",765,1005.43006535948
"M",25,"1",1171,428.959863364646
"M",25,"14",396,536.348484848485
"M",25,"25",822,1058.47080291971
"M",25,"266",897,947.423634336678
"M",25,"267",631,954.454833597464
"M",25,"27",642,547.197819314642
"M",25,"271",640,875.721875
"M",25,"29",377,704.93899204244
"M",25,"35",494,395.619433198381
"M",25,"41",684,759.96783625731
"M",25,"43",640,1114.4015625
"M",26,"107",620,424.76935483871
"M",26,"119",388,360.190721649485
"M",26,"125",383,400.900783289817
"M",26,"26",715,1710.71888111888
"M",26,"266",1748,529.75
"M",26,"267",877,557.510832383124
"M",26,"270",855,370.108771929825
"M",26,"271",1379,510.27556200145
"M",26,"29",554,376.745487364621
"M",26,"41",489,516.081799591002
"M",26,"43",1034,568.636363636364
"M",27,"1",1698,444.028857479388
"M",27,"10",606,853.773927392739
"M",27,"103",589,821.777589134126
"M",27,"111",486,724.491769547325
"M",27,"112",478,562.351464435146
"M",27,"113",372,549.051075268817
"M",27,"116",401,585.750623441397
"M",27,"119",392,492.65306122449
"M",27,"124",391,721.636828644501
"M",27,"14",783,828.402298850575
"M",27,"141",367,665.057220708447
"M",27,"15",1129,491.146147032772
"M",27,"16",515,705.165048543689
"M",27,"17",473,466.035940803383
"M",27,"174",1356,618.554572271386
"M",27,"176",378,880.034391534391
"M",27,"183",561,572.741532976827
"M",27,"23",537,702.102420856611
"M",27,"24",433,602.411085450346
"M",27,"25",432,918.196759259259
"M",27,"254",494,652.214574898785
"M",27,"255",587,542.921635434412
"M",27,"256",490,629.367346938776
"M",27,"26",863,499.96292004635
"M",27,"266",2206,836.242520398912
"M",27,"267",1506,830.667330677291
"M",27,"27",1487,1509.50033624748
"M",27,"270",744,744.903225806452
"M",27,"271",1441,781.732130464955
"M",27,"272",556,775.944244604317
"M",27,"28",605,603.089256198347
"M",27,"29",1219,568.343724364233
"M",27,"34",403,649.786600496278
"M",27,"37",462,705.58658008658
"M",27,"41",1096,898.182481751825
"M",27,"43",1598,944.921777221527
"M",27,"448",366,1130.96994535519
"M",28,"1",1005,622.497512437811
"M",28,"11",591,568.106598984772
"M",28,"207",600,794.516666666667
"M",28,"217",497,624.839034205231
"M",28,"24",486,324.539094650206
"M",28,"248",471,826.569002123142
"M",28,"250",400,496.3725
"M",28,"253",483,412.871635610766
"M",28,"266",1599,1083.26391494684
"M",28,"267",885,1140.54124293785
"M",28,"27",1586,467.354350567465
"M",28,"271",660,1107.6696969697
"M",28,"28",916,1369.06768558952
"M",28,"31",666,579.996996996997
"M",28,"43",437,1084.15560640732
"M",28,"447",373,321.983914209115
"M",28,"452",581,637.81239242685
"M",28,"463",399,1312.80200501253
"M",29,"10",404,420.118811881188
"M",29,"124",369,694.081300813008
"M",29,"135",398,625.077889447236
"M",29,"18",510,709.223529411765
"M",29,"19",488,637.760245901639
"M",29,"20",720,537.520833333333
"M",29,"23",367,858.378746594005
"M",29,"26",547,289.915904936015
"M",29,"266",673,532.005943536404
"M",29,"27",463,713.501079913607
"M",29,"271",395,588.144303797468
"M",29,"29",416,1010.34615384615
"M",29,"3",573,470.22687609075
"M",29,"43",397,842.183879093199
"M",30,"1",1040,470.993269230769
"M",30,"30",1015,1332.80985221675
"M",31,"1",373,541.817694369973
"M",31,"119",387,453.764857881137
"M",31,"134",378,498.693121693122
"M",31,"23",461,514.316702819957
"M",31,"266",566,877.588339222615
"M",31,"267",502,866.115537848606
"M",31,"28",929,495.474703982777
"M",31,"30",597,488.723618090452
"M",31,"31",415,865.002409638554
"M",31,"32",456,509.078947368421
"M",31,"35",392,514.563775510204
"M",32,"16",472,553.805084745763
"M",32,"2",984,454.852642276423
"M",32,"23",381,1239.67979002625
"M",32,"24",462,368.474025974026
"M",32,"266",578,1129.38408304498
"M",32,"267",390,1156.64102564103
"M",32,"271",454,1084.42511013216
"M",32,"32",499,968.464929859719
"M",32,"4",1026,386.060428849903
"M",32,"452",611,756.386252045826
"M",33,"108",646,1101.32507739938
"M",33,"139",538,1412.89033457249
"M",33,"155",678,1044.32005899705
"M",33,"175",398,1273.6959798995
"M",33,"190",478,1236.29707112971
"M",33,"241",560,1686.17678571429
"M",33,"247",500,1015.114
"M",33,"257",495,1266.44646464646
"M",33,"260",821,1236.69305724726
"M",33,"296",447,1382.70693512304
"M",33,"300",438,1344.70091324201
"M",33,"33",2213,1778.43199277
"M",33,"449",924,906.737012987013
"M",33,"467",457,1105.62144420131
"M",33,"472",459,746.276688453159
"M",34,"1",2143,550.41343910406
"M",34,"11",425,565.92
"M",34,"16",423,494.283687943262
"M",34,"2",630,578.122222222222
"M",34,"20",391,474.015345268542
"M",34,"24",444,385.689189189189
"M",34,"25",368,478.084239130435
"M",34,"27",375,698.666666666667
"M",34,"34",712,1284.65730337079
"M",35,"1",1989,532.614379084967
"M",35,"11",553,533.596745027125
"M",35,"16",438,445.7899543379
"M",35,"17",509,329.935166994106
"M",35,"2",469,613.059701492537
"M",35,"24",569,391.652021089631
"M",35,"25",610,448.126229508197
"M",35,"266",369,1023.55013550136
"M",35,"27",460,483.991304347826
"M",35,"32",390,393
"M",35,"35",462,1330.97835497835
"M",36,"182",672,715.129464285714
"M",36,"24",399,613.353383458647
"M",36,"36",695,1016.69784172662
"M",36,"38",616,319.086038961039
"M",36,"45",661,296.399394856278
"M",36,"46",420,346.797619047619
"M",37,"207",442,760.789592760181
"M",37,"27",846,573.562647754137
"M",37,"37",836,1111.10526315789
"M",38,"179",459,624.230936819172
"M",38,"36",645,326.156589147287
"M",38,"38",733,999.230559345157
"M",38,"40",404,380.908415841584
"M",38,"45",625,399.5264
"M",39,"150",370,553.813513513513
"M",39,"38",384,341.697916666667
"M",39,"39",751,1113.39813581891
"M",39,"447",452,368.705752212389
"M",40,"36",422,504.142180094787
"M",40,"38",634,322.345425867508
"M",40,"39",393,265.445292620865
"M",40,"40",497,1018.05633802817
"M",40,"46",377,464.190981432361
"M",40,"47",514,397.019455252918
"M",41,"1",470,867.068085106383
"M",41,"10",1064,329.431390977444
"M",41,"11",613,758.029363784666
"M",41,"12",440,735.959090909091
"M",41,"14",660,1054.60151515152
"M",41,"15",658,871.709726443769
"M",41,"16",821,883.481120584653
"M",41,"17",673,784.970282317979
"M",41,"18",906,736.940397350993
"M",41,"19",1182,607.993231810491
"M",41,"194",366,1343.46174863388
"M",41,"20",1381,487.422157856626
"M",41,"25",501,823.890219560878
"M",41,"256",754,401.018567639257
"M",41,"26",701,304.175463623395
"M",41,"266",1145,518.144978165939
"M",41,"267",720,488.65
"M",41,"27",926,633.519438444924
"M",41,"270",400,594.985
"M",41,"271",696,586.777298850575
"M",41,"3",1386,411.405483405483
"M",41,"41",1047,1369.10983763133
"M",43,"10",576,599.907986111111
"M",43,"15",460,1108.78695652174
"M",43,"18",722,863.3891966759
"M",43,"19",676,830.483727810651
"M",43,"20",475,819.004210526316
"M",43,"256",421,722.501187648456
"M",43,"26",453,537.673289183223
"M",43,"266",1059,701.541076487252
"M",43,"267",517,715.841392649903
"M",43,"27",550,1079.22
"M",43,"270",559,689.538461538462
"M",43,"271",647,747.536321483771
"M",43,"3",432,756.768518518518
"M",43,"41",505,1124.36831683168
"M",43,"43",1306,1548.49310872894
"M",44,"44",837,1185.3082437276
"M",44,"46",617,236.199351701783
"M",44,"47",425,383.112941176471
"M",45,"36",482,307.925311203319
"M",45,"40",375,452.88
"M",45,"45",1028,1030.09435797665
"M",45,"47",405,411.6
"M",46,"36",390,355.448717948718
"M",46,"46",401,1264.07730673317
"M",47,"134",461,516.162689804772
"M",47,"38",440,352.661363636364
"M",47,"40",523,292.984703632887
"M",47,"45",500,329.154
"M",47,"47",759,1460.15283267457
"M",48,"124",419,593.116945107399
"M",49,"46",593,311.153456998314
"M",49,"47",396,451.931818181818
"M",50,"36",375,272.157333333333
"M",51,"182",386,713.163212435233
"M",51,"36",519,517.150289017341
"M",51,"38",437,362.361556064073
"M",51,"40",468,363.527777777778
"M",52,"10",367,646.299727520436
"M",52,"15",381,1085.49343832021
"M",52,"18",394,928.799492385787
"M",52,"266",827,699.172914147521
"M",52,"267",431,685.696055684455
"M",52,"270",380,819.25
"M",52,"271",600,823.193333333333
"M",52,"3",375,781.373333333333
"M",52,"41",547,623.698354661792
"M",52,"43",1173,453.299232736573
"M",53,"36",740,334.190540540541
"M",53,"37",562,401.380782918149
"M",53,"447",384,275.986979166667
"M",53,"45",473,353.970401691332
"M",54,"182",445,613.251685393258
"M",54,"38",730,268.454794520548
"M",55,"43",480,697.33125
"M",56,"135",590,459.479661016949
"M",56,"32",425,451.635294117647
"M",56,"38",597,374.837520938023
"M",56,"40",469,315.54157782516
"M",57,"36",622,330.641479099678
"M",57,"38",426,340.265258215962
"M",57,"447",402,271.778606965174
"M",58,"182",546,509.668498168498
"M",58,"36",584,321.845890410959
"M",59,"134",397,495.702770780856
"M",59,"36",445,487.829213483146
"M",60,"36",955,295.561256544503
"M",61,"182",410,535.936585365854
"M",61,"38",537,394.387337057728
"M",62,"36",837,342.200716845878
"M",63,"182",434,509.838709677419
"M",63,"36",716,422.453910614525
"M",63,"47",613,477.960848287113
"M",64,"141",366,512.584699453552
"M",64,"182",430,622.548837209302
"M",64,"28",436,490.061926605505
"M",64,"36",714,516.06862745098
"M",64,"37",1115,417.786547085202
"M",64,"38",1124,411.282918149466
"M",64,"44",436,511.699541284404
"M",64,"447",394,490.431472081218
"M",64,"45",909,372.712871287129
"M",65,"262",487,405.731006160164
"M",65,"3",452,802.473451327434
"M",66,"36",456,413.260964912281
"M",66,"46",461,435.774403470716
"M",66,"47",406,610.748768472906
"M",67,"36",607,368.095551894563
"M",67,"37",379,551.060686015831
"M",68,"182",385,479.571428571429
"M",68,"36",404,527.502475247525
"M",68,"447",468,434.876068376068
"M",69,"258",416,612.014423076923
"M",70,"182",583,525.869639794168
"M",71,"180",473,396.224101479915
"M",72,"36",493,435.821501014199
"M",72,"46",458,622.054585152838
"M",73,"150",394,442.626903553299
"M",73,"152",535,331.198130841121
"M",73,"36",413,548.438256658596
"M",73,"47",427,512.512880562061
"M",74,"134",421,741.508313539192
"M",74,"182",634,423.206624605678
"M",74,"37",450,453.251111111111
"M",74,"47",489,537.028629856851
"M",75,"182",648,376.458333333333
"M",75,"188",374,527.42513368984
"M",75,"36",409,513.266503667482
"M",77,"185",469,415.2921108742
"M",79,"146",510,507.38431372549
"M",80,"182",453,383.774834437086
"M",80,"46",402,451.05223880597
"M",80,"47",372,592.126344086022
"M",82,"107",465,492.245161290323
"M",82,"112",418,508.468899521531
"M",82,"124",2023,627.450321304993
"M",82,"141",395,931.227848101266
"M",82,"266",856,742.209112149533
"M",82,"48",734,292.719346049046
"M",83,"146",385,359.535064935065
"M",85,"174",2268,348.095679012346
"M",85,"254",440,344.365909090909
"M",85,"266",761,810.106438896189
"M",85,"267",425,786.745882352941
"M",85,"271",744,793.060483870968
"M",85,"28",390,683.158974358974
"M",86,"1",731,562.800273597811
"M",86,"14",690,601.836231884058
"M",86,"15",1435,496.031358885017
"M",86,"16",921,418.258414766558
"M",86,"17",441,387.657596371882
"M",86,"18",411,304.172749391728
"M",86,"183",443,511.422121896163
"M",86,"19",383,267.827676240209
"M",86,"23",428,587.556074766355
"M",86,"266",655,645.941984732824
"M",86,"267",456,641.980263157895
"M",86,"271",789,603.524714828897
"M",86,"272",383,569.334203655352
"M",86,"35",423,454.028368794326
"M",87,"106",393,825.541984732824
"M",87,"266",510,1072.63137254902
"M",87,"41",595,725.845378151261
"M",87,"43",569,617.460456942003
"M",87,"48",1010,399.089108910891
"M",88,"48",438,603.424657534247
"M",90,"106",969,474.254901960784
"M",90,"43",399,1178.35588972431
"M",90,"48",382,799.293193717278
"M",92,"106",410,731.156097560976
"M",93,"105",389,431.323907455013
"M",95,"106",431,509.823665893271
"M",96,"1",384,1170.7265625
"M",96,"10",752,603.261968085106
"M",96,"107",527,781.284629981025
"M",96,"11",456,961.589912280702
"M",96,"112",585,528.331623931624
"M",96,"115",569,777.25834797891
"M",96,"26",856,729.508177570093
"M",96,"27",474,982.447257383966
"M",96,"48",523,492.309751434034
"M",97,"106",408,585.276960784314
"M",98,"119",427,401.707259953162
"M",98,"266",388,790.149484536082
"M",98,"271",375,725.949333333333
"M",98,"43",421,443.403800475059
"M",99,"1",1262,1139.17670364501
"M",99,"10",891,517.742985409652
"M",99,"107",658,364.025835866261
"M",99,"11",904,816.700221238938
"M",99,"12",462,788.415584415584
"M",99,"43",375,495.194666666667
"M",102,"102",409,1279.51833740831
"M",103,"1",704,581.649147727273
"M",103,"103",616,1247.45941558442
"M",103,"11",488,509.428278688525
"M",103,"111",411,298.61800486618
"M",103,"12",404,482.002475247525
"M",103,"174",492,391.079268292683
"M",103,"18",842,536.66270783848
"M",103,"256",482,419.470954356846
"M",103,"27",454,569.905286343612
"M",103,"271",582,578.259450171821
"M",106,"106",602,1409.20265780731
"M",106,"109",430,398.881395348837
"M",107,"113",1325,337.412075471698
"M",107,"114",901,275.239733629301
"M",107,"115",601,448.585690515807
"M",107,"116",965,400.931606217617
"M",107,"118",524,311.610687022901
"M",107,"124",387,443.191214470284
"M",107,"20",413,515.64406779661
"M",107,"26",427,422.161592505855
"M",107,"266",582,1030.01890034364
"M",107,"267",366,901.795081967213
"M",107,"3",535,566.803738317757
"M",107,"31",444,498.828828828829
"M",107,"34",644,557.563664596273
"M",107,"48",372,451.16935483871
"M",108,"108",1094,1768.36014625229
"M",108,"139",675,1079.19703703704
"M",108,"257",1833,932.705400981997
"M",108,"260",719,1030.64673157163
"M",108,"33",1056,897.163825757576
"M",108,"449",459,1198.35511982571
"M",109,"106",497,523.23138832998
"M",109,"109",500,1510.106
"M",111,"103",416,278.71875
"M",111,"111",493,1050.85395537525
"M",111,"174",3032,278.246042216359
"M",111,"18",609,572.630541871921
"M",111,"254",549,360.965391621129
"M",111,"256",973,362.649537512847
"M",111,"266",386,798.212435233161
"M",111,"27",501,483.13373253493
"M",111,"270",373,587.868632707775
"M",112,"112",652,1277.65950920245
"M",112,"119",423,444.583924349882
"M",112,"27",390,515.784615384615
"M",113,"107",1039,382.820981713186
"M",113,"113",647,5918.65533230294
"M",113,"116",398,10735.1055276382
"M",113,"119",565,465.446017699115
"M",113,"266",415,772.898795180723
"M",114,"107",457,393.479212253829
"M",114,"114",599,1441.18530884808
"M",114,"121",376,385.082446808511
"M",115,"107",412,499.553398058252
"M",115,"115",508,1299.94881889764
"M",115,"119",625,311.5872
"M",115,"15",392,548.816326530612
"M",115,"266",666,748.851351351351
"M",115,"267",388,729.951030927835
"M",115,"271",419,720.124105011933
"M",115,"29",964,371.392116182573
"M",115,"41",377,568.623342175066
"M",115,"43",603,716.764510779436
"M",116,"107",618,393.933656957929
"M",116,"116",1166,2107.92024013722
"M",116,"117",671,344.938897168405
"M",116,"119",641,343.326053042122
"M",116,"120",514,353.428015564202
"M",116,"266",440,740.022727272727
"M",116,"270",369,611.780487804878
"M",116,"41",394,490.218274111675
"M",117,"114",532,306.817669172932
"M",117,"116",871,259.132032146957
"M",117,"117",487,1149.06160164271
"M",117,"119",720,277.777777777778
"M",117,"125",399,331.947368421053
"M",117,"266",720,819.9
"M",117,"267",418,809.976076555024
"M",118,"138",370,475.621621621622
"M",119,"10",406,589.758620689655
"M",119,"112",618,479.199029126214
"M",119,"113",1031,302.494665373424
"M",119,"115",972,388.197530864198
"M",119,"116",662,1193.97432024169
"M",119,"117",597,308.587939698492
"M",119,"118",526,218.313688212928
"M",119,"119",879,1123.96473265074
"M",119,"120",426,280.856807511737
"M",119,"121",443,354.855530474041
"M",119,"3",491,449.156822810591
"M",119,"31",433,391.272517321016
"M",120,"116",535,344.102803738318
"M",120,"119",639,277.733959311424
"M",120,"120",744,1057.85349462366
"M",120,"141",511,463.362035225049
"M",121,"11",472,392.951271186441
"M",121,"116",403,602.131513647643
"M",121,"119",556,346.523381294964
"M",121,"121",426,1297.9014084507
"M",121,"124",419,564.064439140811
"M",121,"125",409,272.281173594132
"M",121,"133",435,356.487356321839
"M",121,"134",619,314.017770597738
"M",121,"141",556,406.291366906475
"M",121,"144",396,558.363636363636
"M",122,"122",411,1143.05352798054
"M",123,"123",1333,863.933983495874
"M",123,"124",434,360.592165898618
"M",123,"126",437,353.929061784897
"M",123,"135",700,379.51
"M",123,"271",375,823.994666666667
"M",123,"31",385,433.25974025974
"M",124,"107",417,444.47721822542
"M",124,"123",900,243.046666666667
"M",124,"124",868,1059.05184331797
"M",124,"125",539,417.814471243043
"M",124,"136",369,621.40379403794
"M",124,"27",491,648.236252545825
"M",124,"31",423,547.382978723404
"M",124,"448",397,701.188916876574
"M",125,"125",878,1212.28018223235
"M",125,"129",383,440.678851174935
"M",125,"136",485,520.531958762887
"M",125,"137",400,385.2325
"M",125,"31",588,431.821428571429
"M",125,"38",408,657.416666666667
"M",126,"126",836,1437.26196172249
"M",126,"130",557,286.789946140036
"M",126,"131",554,242.685920577617
"M",126,"134",978,356.029652351738
"M",126,"135",417,444.532374100719
"M",126,"136",1580,301.95253164557
"M",126,"141",1162,385.914802065405
"M",126,"158",477,758.008385744235
"M",127,"126",458,371.521834061135
"M",127,"127",723,1159.45781466113
"M",128,"128",515,1560.76310679612
"M",128,"31",371,445.679245283019
"M",129,"129",851,901.531139835488
"M",129,"130",461,279.386117136659
"M",129,"133",479,388.684759916493
"M",129,"134",529,329.928166351607
"M",129,"136",824,205.029126213592
"M",130,"126",446,280.645739910314
"M",130,"130",510,1124.55882352941
"M",131,"126",501,240.337325349301
"M",131,"131",528,1116.30681818182
"M",131,"133",698,284.292263610315
"M",131,"145",506,1443.99407114625
"M",131,"147",448,442.734375
"M",133,"121",377,347.877984084881
"M",133,"131",432,358.990740740741
"M",133,"133",701,1034.83166904422
"M",133,"136",967,385.329886246122
"M",133,"182",461,927.639913232104
"M",134,"126",1177,336.816482582838
"M",134,"134",1031,1181.27643064985
"M",134,"135",504,367.146825396825
"M",134,"136",562,386.633451957295
"M",134,"146",457,576.647702407002
"M",134,"149",666,413.274774774775
"M",134,"151",537,466.465549348231
"M",134,"158",630,592.009523809524
"M",135,"123",609,368.573070607553
"M",135,"126",413,427.27602905569
"M",135,"129",406,481.133004926108
"M",135,"134",537,406.022346368715
"M",135,"135",770,1209.22597402597
"M",135,"136",1612,354.93858560794
"M",135,"141",484,388.074380165289
"M",136,"124",374,679.411764705882
"M",136,"126",1200,289.126666666667
"M",136,"133",609,439.71921182266
"M",136,"134",557,375.842010771993
"M",136,"135",1286,349.695956454121
"M",136,"136",742,1033.52964959569
"M",136,"137",633,317.443917851501
"M",136,"138",406,364.918719211823
"M",136,"158",440,534.513636363636
"M",137,"123",439,337.617312072893
"M",137,"125",437,385.620137299771
"M",137,"126",505,424.934653465347
"M",137,"136",754,307.285145888594
"M",137,"137",624,1168.21794871795
"M",138,"126",384,449.3046875
"M",138,"136",400,398.3625
"M",138,"138",599,1115.82470784641
"M",138,"148",505,251.09900990099
"M",138,"149",423,292.782505910165
"M",139,"108",795,1043.77610062893
"M",139,"139",1275,1305.67843137255
"M",139,"155",884,526.097285067873
"M",139,"247",411,1099.46715328467
"M",139,"257",403,1033.87344913151
"M",139,"260",379,1458.49340369393
"M",139,"33",726,1039.62396694215
"M",139,"449",687,864.946142649199
"M",140,"140",491,1038.99389002037
"M",140,"149",652,322.503067484663
"M",141,"120",572,445.370629370629
"M",141,"126",1604,367.359102244389
"M",141,"141",1157,1168.65687121867
"M",141,"146",416,515.115384615385
"M",141,"148",520,322.042307692308
"M",141,"149",830,322.03734939759
"M",141,"158",1439,423.881862404448
"M",141,"159",459,402.904139433551
"M",141,"163",417,499.978417266187
"M",141,"276",382,676.685863874346
"M",142,"142",527,1086.6394686907
"M",142,"144",554,399.169675090253
"M",142,"149",417,417.887290167866
"M",143,"143",470,1130.67659574468
"M",143,"146",427,449.697892271663
"M",143,"149",450,315.197777777778
"M",144,"141",707,292.162659123055
"M",144,"144",459,1312.64488017429
"M",145,"126",753,430.505976095618
"M",145,"131",728,385.831043956044
"M",145,"141",367,407.653950953678
"M",145,"144",407,392.825552825553
"M",145,"145",617,1286.93030794165
"M",145,"146",542,427.540590405904
"M",145,"148",640,312.7546875
"M",145,"149",643,399.48833592535
"M",145,"158",1406,335.153627311522
"M",146,"141",380,557.842105263158
"M",146,"145",543,351.883977900553
"M",146,"146",645,980.204651162791
"M",146,"149",376,550.494680851064
"M",146,"157",642,265.858255451713
"M",146,"182",460,694.939130434783
"M",146,"36",516,640.757751937984
"M",146,"38",561,498.233511586453
"M",147,"146",447,393.268456375839
"M",147,"147",401,1042.36907730673
"M",147,"149",518,214.92471042471
"M",147,"158",676,262.501479289941
"M",147,"163",535,358.308411214953
"M",148,"137",395,454.483544303797
"M",148,"140",423,298.940898345154
"M",148,"141",555,367.798198198198
"M",148,"145",1013,255.105626850938
"M",148,"146",643,463.482115085537
"M",148,"147",453,204.558498896247
"M",148,"151",638,304.177115987461
"M",149,"133",440,567.781818181818
"M",149,"134",457,490.387308533917
"M",149,"137",452,408.929203539823
"M",149,"138",443,466.625282167043
"M",149,"140",788,269.94923857868
"M",149,"141",850,373.134117647059
"M",149,"143",442,317.153846153846
"M",149,"145",837,293.522102747909
"M",149,"146",475,461.818947368421
"M",149,"147",492,241.25
"M",149,"149",501,1261.73652694611
"M",149,"151",980,350.170408163265
"M",150,"134",392,706.298469387755
"M",150,"150",495,1068.69292929293
"M",150,"157",408,321.085784313725
"M",150,"158",405,533.476543209877
"M",150,"162",646,324.023219814241
"M",150,"164",440,445.709090909091
"M",150,"39",388,625.984536082474
"M",151,"117",400,671.785
"M",151,"134",483,440.420289855072
"M",151,"148",561,357.864527629234
"M",151,"149",1011,302.529179030663
"M",151,"151",782,1160.4347826087
"M",151,"152",843,374.842230130486
"M",151,"158",1858,367.827771797632
"M",151,"159",405,382.096296296296
"M",151,"163",452,422.621681415929
"M",152,"151",681,333.279001468429
"M",153,"149",513,540.085769980507
"M",153,"153",444,918.105855855856
"M",153,"158",388,410.541237113402
"M",154,"146",1085,266.318894009217
"M",154,"150",681,350.820851688693
"M",154,"162",550,436.441818181818
"M",154,"163",391,602.317135549872
"M",154,"164",379,492.440633245383
"M",154,"303",599,601.654424040067
"M",155,"139",1260,479.203968253968
"M",155,"155",1072,1402.66604477612
"M",155,"33",719,885.835883171071
"M",157,"164",389,358.526992287918
"M",158,"128",487,550.199178644764
"M",158,"134",439,564.75854214123
"M",158,"141",2345,405.809381663113
"M",158,"145",1822,384.954445664105
"M",158,"147",651,344.290322580645
"M",158,"149",391,446.552429667519
"M",158,"151",1669,395.164769322948
"M",158,"153",514,443.879377431907
"M",158,"158",425,1067.28941176471
"M",158,"162",819,431.186813186813
"M",158,"165",366,378.96174863388
"M",159,"128",413,609.10411622276
"M",159,"141",809,412.452410383189
"M",159,"145",412,414.429611650485
"M",159,"151",376,390.239361702128
"M",159,"159",431,996.078886310905
"M",159,"276",481,343.498960498961
"M",160,"160",941,1220.37725823592
"M",160,"247",501,825.215568862275
"M",160,"257",1373,393.426802621996
"M",160,"464",429,1220.82051282051
"M",160,"467",666,781.189189189189
"M",161,"146",474,315.027426160338
"M",161,"161",449,980.835189309577
"M",162,"146",486,418.010288065844
"M",162,"154",507,373.794871794872
"M",162,"157",380,350.315789473684
"M",162,"162",514,1284.7373540856
"M",162,"163",828,303.243961352657
"M",162,"164",553,342.245931283906
"M",163,"141",399,525.22305764411
"M",163,"145",441,419.92970521542
"M",163,"147",401,377.8927680798
"M",163,"151",466,426.630901287554
"M",163,"162",1009,318.939544103072
"M",163,"163",683,1204.89751098097
"M",163,"164",452,536.356194690266
"M",163,"165",847,314.286894923259
"M",163,"277",423,321.316784869976
"M",164,"146",517,383.675048355899
"M",164,"154",722,282.817174515235
"M",164,"158",450,592.208888888889
"M",164,"163",854,425.01756440281
"M",164,"164",768,1141.94661458333
"M",164,"165",977,354.764585465711
"M",164,"276",389,555.161953727506
"M",165,"158",607,344.408566721582
"M",165,"163",1934,197.012409513961
"M",165,"164",519,408.552986512524
"M",165,"165",630,949.738095238095
"M",165,"276",645,326.440310077519
"M",165,"39",375,597.992
"M",166,"166",471,1314.92993630573
"M",166,"167",893,203.465845464726
"M",166,"182",773,443.732212160414
"M",167,"166",488,312.739754098361
"M",167,"167",609,906.346469622332
"M",167,"169",734,252.17029972752
"M",167,"171",775,289.481290322581
"M",167,"172",474,234.227848101266
"M",167,"182",754,349.822281167109
"M",167,"285",533,315.375234521576
"M",167,"286",1306,388.106431852986
"M",167,"305",1012,465.71837944664
"M",167,"308",457,550.505470459519
"M",168,"168",468,1261.05555555556
"M",168,"182",1165,256.585407725322
"M",168,"305",410,445.358536585366
"M",169,"169",626,1162.71086261981
"M",169,"178",418,385.980861244019
"M",169,"182",825,218.918787878788
"M",170,"169",389,422.748071979434
"M",170,"170",381,1265.37532808399
"M",170,"182",662,474.425981873112
"M",170,"326",525,724.289523809524
"M",171,"167",552,270.777173913043
"M",171,"170",436,302.857798165138
"M",171,"171",531,1113.23728813559
"M",171,"182",476,398.042016806723
"M",171,"185",415,474.4
"M",171,"305",543,399.233885819521
"M",172,"167",770,200.696103896104
"M",172,"172",582,924.621993127148
"M",172,"177",381,320.312335958005
"M",172,"182",533,439.523452157599
"M",173,"167",929,258.640473627557
"M",173,"170",643,359.278382581649
"M",173,"182",610,375.22131147541
"M",174,"1",2346,551.457800511509
"M",174,"10",410,602.787804878049
"M",174,"103",468,476.26282051282
"M",174,"11",1298,496.771186440678
"M",174,"111",3107,295.072738976505
"M",174,"12",726,482.143250688705
"M",174,"174",783,1080.32950191571
"M",174,"18",962,610.442827442827
"M",174,"183",3123,275.026256804355
"M",174,"19",615,576.29918699187
"M",174,"20",485,647.853608247423
"M",174,"23",416,830.211538461538
"M",174,"255",581,370.28743545611
"M",174,"256",631,320.662440570523
"M",174,"266",393,731.549618320611
"M",174,"27",710,588.797183098592
"M",174,"271",676,636.048816568047
"M",174,"274",461,529.648590021692
"M",174,"41",410,763.741463414634
"M",175,"175",794,1296.72166246851
"M",175,"190",456,858.27850877193
"M",175,"247",414,1222.7270531401
"M",175,"327",431,1054.32250580046
"M",175,"391",603,1251.46766169154
"M",175,"449",623,935.147672552167
"M",177,"178",417,226.973621103117
"M",178,"177",637,191.124018838305
"M",178,"178",513,904.009746588694
"M",178,"188",388,481.853092783505
"M",178,"191",720,404.852777777778
"M",179,"179",392,1028.0612244898
"M",180,"180",820,1421.74756097561
"M",180,"182",1096,239.501824817518
"M",180,"290",470,468.957446808511
"M",181,"181",674,1113.31899109792
"M",182,"146",378,603.94708994709
"M",182,"163",421,602.068883610451
"M",182,"164",386,356.940414507772
"M",182,"170",466,563.454935622318
"M",182,"171",861,447.443670150987
"M",182,"172",571,483.271453590193
"M",182,"173",751,379.302263648469
"M",182,"180",750,247.418666666667
"M",182,"182",1292,1168.98684210526
"M",182,"305",513,451.584795321637
"M",182,"47",426,730.021126760563
"M",183,"1",473,451.279069767442
"M",183,"14",383,676.900783289817
"M",183,"174",2776,244.189481268012
"M",183,"18",597,463.809045226131
"M",183,"183",838,934.059665871122
"M",183,"254",450,334.431111111111
"M",183,"256",1213,290.813685078318
"M",183,"266",505,710.245544554455
"M",183,"27",484,531.609504132231
"M",184,"184",812,1162.79310344828
"M",184,"185",1211,205.523534269199
"M",184,"188",527,393.521821631879
"M",185,"184",1316,273.094224924012
"M",185,"185",554,1209.73104693141
"M",185,"186",1093,388.680695333943
"M",185,"187",723,265.394190871369
"M",185,"188",597,411.378559463987
"M",185,"189",641,403.848673946958
"M",185,"191",531,400.04143126177
"M",186,"177",398,382.748743718593
"M",186,"185",921,342.407166123778
"M",186,"186",674,1291.54747774481
"M",186,"187",906,210.651214128035
"M",187,"185",889,223.699662542182
"M",187,"186",726,406.004132231405
"M",187,"187",567,1026.37918871252
"M",187,"188",502,312.910358565737
"M",188,"184",987,417.744680851064
"M",188,"185",743,489.341857335128
"M",188,"187",652,290.455521472393
"M",188,"191",417,418.743405275779
"M",189,"185",700,343.97
"M",189,"189",596,1426.94798657718
"M",190,"139",449,1046.5723830735
"M",190,"175",554,790.734657039711
"M",190,"190",773,1352.08796895213
"M",190,"260",404,1702.50742574257
"M",190,"327",455,986.076923076923
"M",190,"33",386,1328.03367875648
"M",190,"391",598,1438.27090301003
"M",190,"449",577,922.549393414211
"M",190,"454",503,1154.00994035785
"M",191,"185",946,386.482029598309
"M",192,"194",656,603.039634146341
"M",192,"236",382,471.280104712042
"M",192,"27",420,1083.41428571429
"M",192,"458",392,585.56887755102
"M",193,"194",490,589.751020408163
"M",193,"226",552,402.739130434783
"M",193,"227",419,712.100238663484
"M",193,"232",470,278.576595744681
"M",193,"239",703,329.753911806543
"M",194,"192",537,713.344506517691
"M",194,"193",390,621.741025641026
"M",194,"194",909,1705.94609460946
"M",194,"205",541,577.750462107209
"M",194,"217",448,534.154017857143
"M",194,"226",822,341.063260340633
"M",194,"232",544,463.428308823529
"M",194,"239",431,310.895591647332
"M",194,"250",390,549.753846153846
"M",194,"27",462,896.924242424242
"M",194,"28",408,826.416666666667
"M",195,"192",778,388.651670951157
"M",195,"193",381,375.889763779528
"M",195,"195",397,1823.86397984887
"M",195,"224",465,431.705376344086
"M",197,"197",491,891.953156822811
"M",197,"204",417,600.760191846523
"M",197,"208",1251,754.19104716227
"M",197,"211",609,873.021346469622
"M",197,"217",366,1163.92349726776
"M",197,"219",764,448.590314136126
"M",197,"221",475,562.456842105263
"M",197,"271",513,1799.22417153996
"M",197,"465",735,595.489795918367
"M",197,"466",703,625.50640113798
"M",198,"204",605,452.028099173554
"M",198,"208",1332,537.932432432432
"M",199,"208",399,453.516290726817
"M",200,"200",606,1148.68151815182
"M",200,"208",509,259.829076620825
"M",201,"208",371,320.323450134771
"M",202,"204",432,265.145833333333
"M",202,"208",771,346.72373540856
"M",203,"208",442,342.262443438914
"M",204,"197",673,713.505200594354
"M",204,"198",477,480.285115303983
"M",204,"199",884,379.91742081448
"M",204,"202",906,270.406181015453
"M",204,"206",948,384.408227848101
"M",204,"209",411,640.851581508516
"M",204,"240",635,678.853543307087
"M",204,"242",986,582.941176470588
"M",204,"460",803,595.510585305106
"M",205,"211",372,257.467741935484
"M",205,"234",384,449.0625
"M",205,"28",457,761.498905908096
"M",206,"204",888,342.478603603604
"M",206,"208",1858,469.116792249731
"M",206,"211",642,511.289719626168
"M",206,"217",625,674.3328
"M",206,"235",692,310.406069364162
"M",206,"451",396,583.570707070707
"M",207,"208",593,402.664418212479
"M",207,"211",407,339.914004914005
"M",207,"28",536,748.535447761194
"M",208,"196",459,452.79302832244
"M",208,"197",1507,791.806237558062
"M",208,"198",1477,585.809749492214
"M",208,"199",532,587.265037593985
"M",208,"200",508,236.273622047244
"M",208,"201",404,310.096534653465
"M",208,"202",580,421.734482758621
"M",208,"205",366,497.825136612022
"M",208,"206",1994,546.544132397192
"M",208,"207",400,388.0275
"M",208,"208",382,1169.81413612565
"M",208,"209",1241,622.559226430298
"M",208,"215",938,467.221748400853
"M",208,"217",1303,345.069838833461
"M",208,"240",601,861.467554076539
"M",208,"242",2339,693.687045746045
"M",208,"245",410,298.307317073171
"M",208,"452",662,495.589123867069
"M",208,"460",1126,717.515097690941
"M",208,"461",774,855.361757105943
"M",208,"462",396,921.795454545455
"M",208,"474",535,623.605607476636
"M",208,"476",713,575.350631136045
"M",209,"208",1194,570.944723618091
"M",209,"210",567,461.58024691358
"M",209,"217",425,731
"M",209,"230",434,396.078341013825
"M",210,"197",773,658.69340232859
"M",210,"198",413,500.259079903148
"M",210,"206",802,453.8927680798
"M",210,"209",1193,447.150041911148
"M",210,"214",413,393.52784503632
"M",210,"215",391,329.017902813299
"M",210,"219",394,563.695431472081
"M",210,"240",385,738.246753246753
"M",210,"242",577,615.259965337955
"M",210,"460",1097,591.771194165907
"M",211,"197",597,859.303182579564
"M",211,"198",392,670.178571428571
"M",211,"205",607,295.736408566722
"M",211,"206",670,615.64776119403
"M",211,"207",872,337.598623853211
"M",211,"209",519,643.402697495183
"M",211,"217",2953,267.336606840501
"M",211,"219",494,737.943319838057
"M",211,"226",648,481.345679012346
"M",211,"239",371,460.784366576819
"M",211,"242",685,679.475912408759
"M",211,"246",1041,422.71181556196
"M",211,"248",1118,551.30053667263
"M",211,"452",2039,461.32466895537
"M",211,"460",377,719.978779840849
"M",211,"468",453,595.825607064018
"M",211,"470",499,700.605210420842
"M",211,"474",691,586.738060781476
"M",211,"475",839,520.475566150179
"M",211,"476",953,519.771248688353
"M",212,"217",693,298.528138528139
"M",212,"242",406,1062.07142857143
"M",212,"248",411,499.104622871046
"M",212,"452",586,490.815699658703
"M",213,"208",504,563.924603174603
"M",214,"208",403,496.915632754342
"M",214,"211",515,508.780582524272
"M",215,"208",787,367.227445997459
"M",215,"211",423,475.673758865248
"M",215,"215",373,1736.84450402145
"M",215,"217",499,532.75751503006
"M",216,"208",400,403.2325
"M",216,"209",572,574.472027972028
"M",216,"211",413,418.782082324455
"M",216,"217",536,507.147388059701
"M",217,"206",532,745.936090225564
"M",217,"208",874,403.823798627002
"M",217,"209",474,795.628691983122
"M",217,"211",1765,261.703116147309
"M",217,"212",860,264.783720930233
"M",217,"217",746,1116.67694369973
"M",217,"219",443,993.783295711061
"M",217,"242",441,938.836734693878
"M",217,"266",451,1622.76940133038
"M",217,"267",404,1669.15841584158
"M",217,"28",397,696.667506297229
"M",219,"197",858,375.13986013986
"M",219,"208",897,633.784838350056
"M",219,"211",565,711.001769911504
"M",219,"217",423,784.687943262411
"M",220,"208",459,608.80174291939
"M",221,"197",432,605.296296296296
"M",221,"242",503,499.75944333996
"M",222,"139",411,1634.75669099757
"M",222,"222",831,1184.706377858
"M",222,"241",619,894.285945072698
"M",222,"247",406,827.810344827586
"M",222,"260",377,1973.31034482759
"M",222,"33",412,1510.92475728155
"M",222,"449",503,1273.60636182903
"M",222,"459",373,735.1581769437
"M",223,"217",381,485.842519685039
"M",223,"221",658,433.390577507599
"M",223,"223",452,1129.30752212389
"M",225,"225",412,1123.10436893204
"M",225,"28",406,569.980295566502
"M",227,"197",369,428.094850948509
"M",227,"228",468,350.514957264957
"M",227,"237",546,504.076923076923
"M",227,"238",404,488.544554455446
"M",228,"219",427,506.763466042155
"M",228,"227",914,356.545951859956
"M",228,"242",420,689.866666666667
"M",229,"229",386,1190.34974093264
"M",229,"237",511,430.043052837573
"M",230,"209",437,443.12585812357
"M",230,"230",533,1037.53470919325
"M",230,"237",440,359.195454545455
"M",230,"238",372,326.400537634409
"M",231,"231",412,1105.15291262136
"M",232,"194",392,507.066326530612
"M",232,"232",530,1111.5320754717
"M",233,"233",372,1403.11021505376
"M",234,"205",375,442.770666666667
"M",235,"235",457,802.62363238512
"M",235,"237",432,372.543981481481
"M",235,"238",427,389.72131147541
"M",235,"242",409,500.567237163814
"M",236,"233",432,266.849537037037
"M",236,"237",867,364.777393310265
"M",236,"238",718,375.438718662953
"M",236,"242",461,526.587852494577
"M",237,"219",493,665.267748478702
"M",237,"227",918,521.140522875817
"M",237,"230",649,432.876733436055
"M",237,"233",510,295.46862745098
"M",237,"235",817,407.059975520196
"M",237,"236",1031,448.579049466537
"M",237,"242",587,805.412265758092
"M",237,"451",417,451.834532374101
"M",237,"458",410,624.217073170732
"M",238,"227",371,544.477088948787
"M",238,"235",440,421.513636363636
"M",238,"236",552,486.175724637681
"M",239,"211",438,389.223744292237
"M",240,"204",539,598.358070500928
"M",240,"208",886,744.306997742664
"M",241,"160",487,1477.48459958932
"M",241,"190",523,1690.46845124283
"M",241,"222",591,931.074450084602
"M",241,"241",697,1080.59827833572
"M",241,"257",430,1424.02093023256
"M",241,"260",536,2025.21268656716
"M",241,"33",559,1781.52236135957
"M",241,"449",467,1592.08993576017
"M",241,"454",547,754.866544789762
"M",241,"459",540,710.805555555556
"M",241,"467",385,882.646753246753
"M",242,"204",547,465.804387568556
"M",242,"208",1606,599.222291407223
"M",242,"210",408,509.242647058824
"M",242,"211",507,661.678500986193
"M",242,"217",539,794.65306122449
"M",242,"221",398,421.937185929648
"M",242,"235",874,529.990846681922
"M",242,"242",668,756.585329341317
"M",242,"465",571,454.336252189142
"M",242,"466",594,467.10101010101
"M",244,"197",442,465.66742081448
"M",246,"211",582,398.89175257732
"M",246,"212",444,378.481981981982
"M",246,"32",618,574.898058252427
"M",247,"155",378,1373.80952380952
"M",247,"160",409,1028.35696821516
"M",247,"247",628,1561.37898089172
"M",247,"257",450,834.817777777778
"M",247,"260",462,1418.44588744589
"M",247,"33",723,1015.7939142462
"M",247,"449",584,920.453767123288
"M",247,"457",376,1200.99468085106
"M",247,"459",406,1106.95566502463
"M",247,"464",610,961.67868852459
"M",248,"211",459,549.257080610022
"M",248,"217",390,376.446153846154
"M",248,"248",627,1195.49122807018
"M",248,"32",642,539.668224299065
"M",249,"249",423,1064.93853427896
"M",250,"266",414,1433.51690821256
"M",252,"452",558,359.043010752688
"M",252,"476",390,737.338461538462
"M",253,"224",405,495.032098765432
"M",253,"27",438,791.057077625571
"M",253,"28",510,553.945098039216
"M",254,"111",440,355.795454545455
"M",254,"183",410,269.651219512195
"M",254,"20",386,501.435233160622
"M",254,"254",457,1088.53829321663
"M",254,"256",512,287.60546875
"M",254,"271",370,542.862162162162
"M",254,"41",542,470.887453874539
"M",255,"127",409,875.452322738386
"M",255,"174",812,250.224137931034
"M",255,"255",477,756.706498951782
"M",255,"256",410,274.812195121951
"M",256,"103",605,454.669421487603
"M",256,"111",1286,340.815707620529
"M",256,"174",649,381.699537750385
"M",256,"183",1632,293.841911764706
"M",256,"255",483,320.871635610766
"M",256,"256",503,1012.73956262425
"M",256,"266",472,671.044491525424
"M",256,"41",900,420.96
"M",257,"108",1749,776.317895940537
"M",257,"139",533,932.446529080675
"M",257,"160",971,620.608650875386
"M",257,"247",405,779.03950617284
"M",257,"257",1400,1515.13857142857
"M",257,"260",952,872.175420168067
"M",257,"33",703,1077.03982930299
"M",257,"449",770,962.011688311688
"M",260,"108",832,862.466346153846
"M",260,"139",371,1406.90566037736
"M",260,"160",562,942.327402135231
"M",260,"247",398,1384.66582914573
"M",260,"257",1234,963.588330632091
"M",260,"260",1551,1615.03997421019
"M",260,"33",842,1480.54394299287
"M",260,"449",589,1501.05602716469
"M",260,"472",405,1128.66419753086
"M",263,"263",404,986.972772277228
"M",264,"271",427,189.449648711944
"M",266,"1",847,901.295159386068
"M",266,"10",799,498.957446808511
"M",266,"107",479,712.874739039666
"M",266,"111",583,748.540308747856
"M",266,"115",413,656.268765133172
"M",266,"117",473,768.84355179704
"M",266,"118",538,611.368029739777
"M",266,"13",429,984.538461538462
"M",266,"14",828,968.518115942029
"M",266,"15",1173,938.835464620631
"M",266,"16",990,906.760606060606
"M",266,"17",708,796.620056497175
"M",266,"18",1144,725.44493006993
"M",266,"19",968,700.685950413223
"M",266,"20",824,648.45145631068
"M",266,"23",815,966.523926380368
"M",266,"24",563,922.065719360568
"M",266,"26",662,554.660120845921
"M",266,"261",373,955.163538873995
"M",266,"27",837,677.215053763441
"M",266,"270",884,460.552036199095
"M",266,"28",787,1051.04447268107
"M",266,"3",459,601.549019607843
"M",266,"41",780,594.347435897436
"M",266,"43",405,639.696296296296
"M",266,"450",413,454.796610169492
"M",266,"475",423,1250.17966903073
"M",266,"476",572,1293.61188811189
"M",267,"15",467,920.158458244111
"M",267,"16",529,989.489603024575
"M",267,"18",540,681.796296296296
"M",267,"19",393,656.508905852417
"M",267,"20",367,623.062670299728
"M",267,"28",392,1007.89795918367
"M",270,"10",594,417.30303030303
"M",270,"111",440,509.393181818182
"M",270,"116",443,773.282167042889
"M",270,"15",474,810.932489451477
"M",270,"16",397,836.370277078086
"M",270,"18",581,560.442340791738
"M",270,"19",405,624.632098765432
"M",270,"26",727,319.828060522696
"M",270,"266",2104,366.380703422053
"M",270,"267",1212,396.598184818482
"M",270,"270",1369,1012.8261504748
"M",270,"271",960,455.522916666667
"M",270,"3",385,447.233766233766
"M",270,"41",382,630.541884816754
"M",270,"43",655,580.642748091603
"M",271,"1",1072,927.074626865672
"M",271,"10",1342,460.823397913562
"M",271,"103",419,753.050119331742
"M",271,"107",750,791.528
"M",271,"11",468,760.675213675214
"M",271,"111",970,733.946391752577
"M",271,"113",571,540.721541155867
"M",271,"115",494,635.279352226721
"M",271,"116",479,691.175365344468
"M",271,"117",493,737.192697768763
"M",271,"118",563,688.694493783304
"M",271,"119",445,701.986516853933
"M",271,"124",408,997.453431372549
"M",271,"13",620,952.870967741935
"M",271,"14",1168,971.786815068493
"M",271,"15",1676,923.889618138425
"M",271,"16",1656,849.978260869565
"M",271,"17",1166,791.479416809605
"M",271,"174",522,709.070881226054
"M",271,"18",1602,701.539325842697
"M",271,"183",736,646.313858695652
"M",271,"19",1583,680.292482627922
"M",271,"197",524,1894.60114503817
"M",271,"20",1209,624.112489660877
"M",271,"23",919,959.293797606094
"M",271,"24",539,931.215213358071
"M",271,"253",528,1147.6553030303
"M",271,"254",393,575.880407124682
"M",271,"259",394,370.032994923858
"M",271,"26",2356,435.778862478778
"M",271,"261",598,951.580267558528
"M",271,"264",532,183.642857142857
"M",271,"27",1701,680.455026455026
"M",271,"270",1716,407.198717948718
"M",271,"271",748,1233.2820855615
"M",271,"28",995,1040.68743718593
"M",271,"3",825,586.712727272727
"M",271,"30",375,956.917333333333
"M",271,"31",465,695.664516129032
"M",271,"32",540,1147.54259259259
"M",271,"41",1358,506.718703976436
"M",271,"43",767,826.224250325945
"M",271,"450",509,518.927308447937
"M",271,"468",411,1160.90510948905
"M",271,"474",555,932.048648648649
"M",271,"475",654,1160.14373088685
"M",271,"476",783,1336.13154533844
"M",271,"477",501,1242.5369261477
"M",272,"1",404,882.10396039604
"M",272,"10",581,444.929432013769
"M",272,"14",642,950.683800623053
"M",272,"15",706,924.250708215297
"M",272,"16",909,923.800880088009
"M",272,"17",436,787.220183486239
"M",272,"18",608,774.472039473684
"M",272,"19",675,668.517037037037
"M",272,"20",492,609.233739837398
"M",272,"26",605,421.221487603306
"M",272,"27",590,691.850847457627
"M",272,"270",554,344.714801444043
"M",272,"28",638,1039.92006269592
"M",272,"41",429,507.142191142191
"M",274,"274",398,531.72864321608
"M",276,"164",556,515.455035971223
"M",276,"165",513,307.089668615984
"M",276,"276",403,1282.01736972705
"M",276,"277",479,208.964509394572
"M",276,"295",680,444.972058823529
"M",276,"340",493,596.74645030426
"M",277,"163",405,400.686419753086
"M",277,"295",912,345.271929824561
"M",278,"280",432,386.483796296296
"M",278,"291",374,350.628342245989
"M",280,"294",472,354.951271186441
"M",280,"295",1114,335.259425493716
"M",280,"297",427,457.414519906323
"M",280,"321",419,506.809069212411
"M",282,"295",1001,358.058941058941
"M",285,"167",404,294.980198019802
"M",285,"305",688,271.845930232558
"M",286,"167",1276,303.047021943574
"M",286,"168",563,276.166962699822
"M",286,"182",791,400.41592920354
"M",286,"286",594,1427.85521885522
"M",286,"305",514,323.536964980545
"M",288,"287",382,382.324607329843
"M",288,"305",501,347.520958083832
"M",288,"312",475,219.987368421053
"M",291,"295",435,611.131034482759
"M",291,"298",395,422.470886075949
"M",291,"302",564,268.485815602837
"M",291,"317",430,391.862790697674
"M",292,"295",500,542.716
"M",292,"302",392,390.02806122449
"M",294,"280",415,371.667469879518
"M",295,"276",406,473.458128078818
"M",295,"277",1003,340.269192422732
"M",295,"280",699,379.117310443491
"M",295,"282",743,348.266487213997
"M",295,"290",479,627.066805845511
"M",295,"292",506,522.586956521739
"M",295,"295",583,1125.0051457976
"M",295,"298",553,376.766726943942
"M",295,"299",931,446.320085929108
"M",295,"301",479,649.972860125261
"M",295,"302",753,597.63213811421
"M",295,"317",1138,515.314586994728
"M",295,"318",613,447.606851549755
"M",295,"319",458,388.100436681223
"M",295,"320",525,333.620952380952
"M",295,"321",474,460.105485232068
"M",295,"341",485,563.680412371134
"M",296,"296",570,1349.26140350877
"M",296,"300",660,512.509090909091
"M",296,"33",376,1174.32446808511
"M",296,"360",378,894.981481481482
"M",296,"449",559,1183.52772808587
"M",297,"280",457,428.754923413567
"M",297,"299",448,316.700892857143
"M",297,"318",391,309.53452685422
"M",298,"291",377,372.458885941645
"M",298,"295",556,366.571942446043
"M",299,"291",376,331.728723404255
"M",299,"295",379,492.20580474934
"M",299,"299",406,1138.22906403941
"M",299,"302",382,349.869109947644
"M",300,"139",397,1105.48614609572
"M",300,"296",512,599.34375
"M",300,"300",523,1319.03824091778
"M",300,"33",449,1200.429844098
"M",300,"360",494,852.625506072874
"M",300,"391",724,957.662983425414
"M",300,"434",442,1316.6628959276
"M",300,"449",554,1053.57400722022
"M",301,"317",443,357.255079006772
"M",301,"321",451,672.481152993348
"M",302,"154",590,557.333898305085
"M",302,"302",371,1239.7358490566
"M",302,"317",397,346.16120906801
"M",302,"321",507,665.118343195266
"M",305,"167",454,584.52422907489
"M",305,"170",512,723.8203125
"M",305,"171",444,468.65990990991
"M",305,"173",444,385.216216216216
"M",305,"286",456,417.934210526316
"M",305,"287",455,483.971428571429
"M",305,"288",388,448.072164948454
"M",305,"310",611,372.009819967267
"M",305,"328",515,515.015533980583
"M",305,"347",532,440.753759398496
"M",305,"351",409,643.814180929095
"M",305,"45",380,778.405263157895
"M",306,"310",374,368.81550802139
"M",306,"329",673,454.35661218425
"M",306,"331",374,514.901069518717
"M",308,"167",572,471.372377622378
"M",309,"354",409,437.804400977995
"M",310,"305",734,337.905994550409
"M",310,"306",473,400.505285412262
"M",310,"312",803,259.723536737235
"M",310,"329",475,335.187368421053
"M",310,"384",467,833.408993576017
"M",312,"310",522,256.471264367816
"M",312,"312",656,1278.09146341463
"M",315,"329",427,541.709601873536
"M",316,"291",397,288.382871536524
"M",316,"321",391,568.675191815857
"M",317,"291",371,370.33153638814
"M",317,"295",669,561.440956651719
"M",317,"301",572,269.08041958042
"M",317,"302",935,259.198930481283
"M",317,"340",369,540.40379403794
"M",318,"295",588,331.799319727891
"M",318,"297",406,345.985221674877
"M",318,"302",616,412.180194805195
"M",319,"295",540,309.092592592593
"M",319,"297",561,368.675579322638
"M",319,"302",683,410.0878477306
"M",320,"295",800,382.4775
"M",320,"302",492,452.166666666667
"M",321,"280",579,482.46804835924
"M",321,"295",833,348.446578631453
"M",321,"321",424,1146.90094339623
"M",322,"340",368,274.885869565217
"M",323,"295",408,429.752450980392
"M",323,"340",642,274.894080996885
"M",324,"340",554,492.893501805054
"M",325,"291",418,380.255980861244
"M",325,"302",525,273.988571428571
"M",325,"340",401,532.935162094763
"M",326,"329",741,521.7665317139
"M",327,"139",382,1291.19371727749
"M",327,"175",473,1047.22832980973
"M",327,"327",1025,1589.91024390244
"M",327,"360",389,1587.18251928021
"M",327,"391",661,940.56278366112
"M",327,"449",371,1188
"M",328,"288",400,190.115
"M",328,"305",565,507.371681415929
"M",328,"306",411,491.14598540146
"M",328,"310",596,240.728187919463
"M",329,"303",371,536.145552560647
"M",329,"304",461,539.546637744035
"M",329,"305",505,513.005940594059
"M",329,"306",525,492.83619047619
"M",329,"310",606,342.26402640264
"M",329,"315",656,459.810975609756
"M",329,"326",1717,456.140361094933
"M",329,"333",519,325.050096339114
"M",331,"326",398,415.321608040201
"M",332,"326",380,416.013157894737
"M",333,"305",436,347.080275229358
"M",333,"326",575,313.375652173913
"M",333,"329",496,299.824596774194
"M",333,"369",372,358.715053763441
"M",334,"390",419,546.424821002387
"M",335,"340",373,677.43163538874
"M",337,"359",447,503.527964205817
"M",337,"397",374,479.622994652406
"M",340,"276",424,584.580188679245
"M",340,"295",393,536.10941475827
"M",340,"317",495,509.470707070707
"M",340,"324",1096,309.759124087591
"M",340,"325",645,434.547286821705
"M",340,"337",727,406.2984869326
"M",340,"338",492,379.747967479675
"M",346,"337",546,363.17032967033
"M",347,"305",407,428.375921375921
"M",347,"309",383,411.798955613577
"M",347,"390",501,455.954091816367
"M",348,"284",391,479.427109974425
"M",348,"305",394,419.225888324873
"M",348,"351",391,354.849104859335
"M",348,"352",583,356.783876500858
"M",351,"310",495,442.29696969697
"M",351,"326",478,471.202928870293
"M",352,"347",495,424.335353535354
"M",352,"353",402,310.253731343284
"M",352,"354",878,434.602505694761
"M",352,"362",416,278.629807692308
"M",352,"369",599,441.819699499165
"M",353,"352",374,429.33422459893
"M",354,"352",483,483.861283643892
"M",354,"363",390,330.135897435897
"M",356,"359",875,602.148571428571
"M",356,"361",486,190.639917695473
"M",356,"394",424,422.768867924528
"M",357,"359",795,407.147169811321
"M",357,"361",461,318.151843817787
"M",359,"340",392,422.540816326531
"M",359,"356",1273,439.529457973291
"M",359,"357",1460,261.407534246575
"M",359,"358",484,227.144628099174
"M",359,"361",519,553.990366088632
"M",359,"372",678,500.985250737463
"M",359,"373",656,314.254573170732
"M",360,"300",437,903.926773455378
"M",360,"327",380,1331.19210526316
"M",360,"360",574,1384.74216027875
"M",360,"391",559,903.890876565295
"M",360,"449",417,1759.25179856115
"M",363,"369",812,334.261083743842
"M",363,"390",532,494.947368421053
"M",365,"369",460,486.239130434783
"M",365,"390",377,573.26525198939
"M",366,"369",1131,161.632183908046
"M",366,"384",422,275.177725118483
"M",367,"369",428,209.032710280374
"M",369,"352",399,520.055137844612
"M",369,"363",1076,337.135687732342
"M",369,"365",540,505.775925925926
"M",369,"366",612,208.68954248366
"M",369,"372",588,357.229591836735
"M",370,"390",463,301.488120950324
"M",371,"370",412,158.46359223301
"M",371,"390",500,341.992
"M",372,"359",667,551.112443778111
"M",372,"370",835,265.917365269461
"M",372,"372",599,1272.07178631052
"M",372,"394",987,333.045592705167
"M",373,"359",775,405.585806451613
"M",374,"338",421,430.038004750594
"M",377,"370",395,485.075949367089
"M",377,"425",374,382.021390374332
"M",378,"370",411,401.793187347932
"M",382,"326",520,493.176923076923
"M",384,"366",605,353.874380165289
"M",384,"387",423,402.522458628842
"M",384,"389",787,294.632782719187
"M",384,"390",687,378.589519650655
"M",384,"392",413,360.389830508475
"M",384,"419",450,353.764444444444
"M",385,"389",870,265.318390804598
"M",385,"390",859,342.467986030268
"M",385,"419",893,315.438969764838
"M",385,"437",371,646.323450134771
"M",386,"389",696,272.609195402299
"M",386,"390",514,299.247081712062
"M",386,"419",541,400.881700554529
"M",387,"384",609,281.376026272578
"M",387,"385",828,255.756038647343
"M",389,"384",461,329.138828633406
"M",389,"385",1090,291.060550458716
"M",389,"386",903,329.324473975637
"M",390,"334",706,571.379603399433
"M",390,"335",434,573.112903225806
"M",390,"354",395,410.273417721519
"M",390,"363",455,538.876923076923
"M",390,"370",456,272.804824561404
"M",390,"385",916,362.325327510917
"M",390,"386",576,353.454861111111
"M",390,"392",494,207.864372469636
"M",390,"393",433,269.928406466513
"M",390,"394",393,290.992366412214
"M",390,"396",731,332.287277701778
"M",390,"398",1017,484.77482792527
"M",390,"413",382,388.743455497382
"M",390,"414",731,253.072503419973
"M",390,"420",695,286.146762589928
"M",390,"421",537,204.756052141527
"M",390,"425",434,585.384792626728
"M",390,"427",523,678.223709369025
"M",390,"436",642,394.869158878505
"M",390,"437",462,431.699134199134
"M",391,"175",521,1207.14779270633
"M",391,"296",405,1279.19012345679
"M",391,"300",914,975.446389496718
"M",391,"327",889,910.356580427447
"M",391,"360",448,1018.44419642857
"M",391,"391",735,1601.5387755102
"M",391,"434",561,862.729055258467
"M",391,"445",459,1115.35511982571
"M",392,"385",387,423.684754521964
"M",392,"390",637,230.783359497645
"M",392,"398",819,394.028083028083
"M",393,"325",430,563.33023255814
"M",393,"356",437,389.75057208238
"M",393,"372",393,339.641221374046
"M",393,"390",564,298.287234042553
"M",394,"336",567,486.162257495591
"M",394,"356",468,346.205128205128
"M",394,"372",1081,252.54579093432
"M",394,"379",570,173.685964912281
"M",394,"390",441,313.886621315193
"M",396,"390",599,411.49081803005
"M",396,"398",466,280.111587982833
"M",397,"399",402,234.47263681592
"M",398,"358",679,394.39911634757
"M",398,"390",747,504.979919678715
"M",398,"392",648,426.990740740741
"M",398,"394",533,304.553470919325
"M",398,"425",455,260.865934065934
"M",398,"427",558,429.881720430108
"M",402,"375",473,318.217758985201
"M",402,"428",638,400.492163009404
"M",402,"431",410,432.217073170732
"M",402,"432",470,505.917021276596
"M",402,"444",515,489.883495145631
"M",404,"404",395,1273.96202531646
"M",405,"405",487,1420.26283367556
"M",407,"407",525,1058.02857142857
"M",414,"390",506,317.741106719368
"M",419,"384",685,332.836496350365
"M",419,"385",503,345.854870775348
"M",419,"386",493,328.231237322515
"M",420,"390",405,328.358024691358
"M",421,"390",383,223.879895561358
"M",422,"439",374,410.419786096257
"M",423,"425",558,300.043010752688
"M",425,"423",402,370.169154228856
"M",427,"390",525,695.712380952381
"M",427,"398",955,329.915183246073
"M",428,"402",460,327.071739130435
"M",431,"402",456,381.133771929825
"M",431,"430",474,353.911392405063
"M",431,"440",786,440.912213740458
"M",432,"402",472,475.555084745763
"M",432,"440",651,384.955453149002
"M",433,"435",487,208.35523613963
"M",433,"436",873,311.870561282932
"M",434,"300",385,1138.42337662338
"M",434,"391",598,767.095317725752
"M",434,"434",1435,1385.02299651568
"M",436,"390",603,358.237147595357
"M",436,"433",512,309.19921875
"M",436,"439",827,294.370012091898
"M",437,"396",424,482.830188679245
"M",437,"439",656,245.307926829268
"M",439,"372",371,791.169811320755
"M",439,"436",1297,341.139552814187
"M",439,"437",767,191.03520208605
"M",440,"431",1045,415.263157894737
"M",440,"432",982,337.329938900204
"M",440,"442",730,241.542465753425
"M",440,"443",702,378.598290598291
"M",440,"444",887,409.104847801578
"M",443,"440",557,475.326750448833
"M",444,"402",572,660.886363636364
"M",444,"440",881,401.532349602724
"M",445,"391",431,1170.28306264501
"M",445,"434",385,912.961038961039
"M",445,"445",470,1616.09361702128
"M",447,"28",423,363.725768321513
"M",447,"39",394,437.210659898477
"M",448,"113",368,472.733695652174
"M",448,"27",459,702.095860566449
"M",448,"448",395,1204.5417721519
"M",449,"139",705,913.670921985816
"M",449,"175",803,842.358655043587
"M",449,"190",663,776.47963800905
"M",449,"222",678,1174.78466076696
"M",449,"241",966,1599.60041407867
"M",449,"247",829,671.896260554885
"M",449,"260",814,1370.67444717445
"M",449,"296",557,1272.07360861759
"M",449,"300",407,1044.67813267813
"M",449,"33",883,864.433748584371
"M",449,"449",1927,1256.07680332122
"M",449,"459",468,1250.20512820513
"M",449,"464",554,1418.22924187726
"M",449,"479",495,1284.15151515152
"M",450,"115",401,485.351620947631
"M",450,"266",694,351.537463976945
"M",450,"450",397,1271.60957178841
"M",451,"227",384,305.947916666667
"M",451,"237",408,341.230392156863
"M",451,"238",371,343.431266846361
"M",452,"208",683,507.784773060029
"M",452,"211",1413,451.238499646143
"M",452,"252",466,358.401287553648
"M",452,"32",554,628.783393501805
"M",454,"190",418,1145.14832535885
"M",454,"241",543,766.939226519337
"M",454,"260",424,1651.04952830189
"M",454,"33",421,1245.17814726841
"M",454,"449",481,1118.04158004158
"M",454,"454",477,1280.19916142558
"M",459,"222",521,770.003838771593
"M",459,"241",625,726.9872
"M",459,"260",535,1835.48598130841
"M",459,"33",510,1336.85098039216
"M",459,"449",431,1322.97215777262
"M",459,"459",512,1374.88671875
"M",460,"204",499,551.49498997996
"M",460,"208",1241,663.176470588235
"M",460,"210",570,518.835087719298
"M",461,"208",443,828.530474040632
"M",462,"208",557,779.014362657092
"M",463,"208",379,781.736147757256
"M",463,"217",372,948.879032258065
"M",463,"465",1241,406.082191780822
"M",464,"257",369,1213.31707317073
"M",464,"449",519,1526.68015414258
"M",464,"467",668,542.380239520958
"M",464,"472",1004,719.497011952191
"M",465,"197",784,630.280612244898
"M",465,"242",740,513.598648648649
"M",465,"463",1721,463.275421266705
"M",465,"476",546,460.783882783883
"M",466,"197",1125,588.098666666667
"M",466,"242",752,600.267287234043
"M",466,"476",595,424.331092436975
"M",467,"241",600,928.446666666667
"M",467,"33",499,1150.86573146293
"M",467,"464",1043,527.734419942474
"M",468,"271",474,1237.89873417722
"M",468,"468",771,482.487678339818
"M",470,"468",374,320.149732620321
"M",470,"475",397,350.916876574307
"M",471,"475",491,298.169042769857
"M",472,"160",559,841.212880143113
"M",472,"190",446,1378.5269058296
"M",472,"241",381,1212.11023622047
"M",472,"257",419,689.847255369928
"M",472,"260",457,1243.04595185996
"M",472,"464",444,783.367117117117
"M",472,"472",691,1263.32706222865
"M",474,"211",878,524.842824601367
"M",475,"197",429,1029.44289044289
"M",475,"211",845,476.700591715976
"M",475,"245",497,444.593561368209
"M",475,"470",438,370.961187214612
"M",475,"471",399,295.022556390977
"M",476,"197",404,908.876237623762
"M",476,"208",391,647.572890025575
"M",476,"211",543,474.959484346225
"M",476,"217",382,543.473821989529
"M",476,"266",382,1359.80890052356
"M",476,"465",569,557.128295254833
"M",476,"466",780,445.182051282051
"M",478,"477",450,230.442222222222
"M",479,"241",449,1108.50111358575
"M",479,"257",389,614.3264781491
"M",480,"480",452,909.535398230089
